MFG Item,Description,Box_QTY,
8X8-70,8x8 S/D Duct to Duct Canvas Conn,1,
10X8-70,10x8 S/D Duct to Duct Canvas Conn,1,
12X8-70,12x8 S/D Duct to Duct Canvas Conn,1,
14X8-70,14x8 S/D Duct to Duct Canvas Conn,1,
16X8-70,16x8 S/D Duct to Duct Canvas Conn,1,
18X8-70,18x8 S/D Duct to Duct Canvas Connec,1,
20X8-70,20x8 S/D Duct to Duct Canvas Conn,1,
24X8-70,24x8 S/D Duct to Duct Canvas Conn,1,
10X10-70,10x10 S/D Duct to Duct Canvas Conn,1,
12X10-70,12x10 S/D Duct to Duct Canvas Conn,1,
14X10-70,14x10 S/D Duct to Duct Canvas Conn,1,
16X10-70,16x10 S/D Duct to Duct Canvas Conn,1,
18X10-70,18x10 S/D Duct to Duct Canvas Conn,1,
20X10-70,20x10 S/D Duct to Duct Canvas Conn,1,
24X10-70,24x10 S/D Duct to Duct Canvas Conn,1,
12X12-70,12x12 S/D Duct to Duct Canvas Conn,1,
14X12-70,14x12 S/D Duct to Duct Canvas Conn,1,
16X12-70,16x12 S/D Duct to Duct Canvas Conn,1,
18X12-70,18x12 S/D Duct to Duct Canvas Conn,1,
20X12-70,20x12 S/D Duct to Duct Canvas Conn,1,
24X12-70,24x12 S/D Duct to Duct Canvas Conn,1,
128101175-81CSD,12x8 Trunk to 10x11 3/4 Plenum OpenS/D Trunk Transition - Center,2,
148X1012-81CSD,14x8 Trunk to 10x12 Plenum Opening S/D Trunk Transition - Center,2,
168X1112-81CSD,16x8 Trunk to 11x12 Plenum Opening S/D Trunk Transition - Center,2,
188X1212-81CSD,18x8 Trunk to 12x12 Plenum Opening S/D Trunk Transition - Center,2,
208X1214-81CSD,20x8 Trunk to 12x14 Plenum Opening S/D Trunk Transition - Center,2,
228X1215-81CSD,22x8 Trunk to 12x15 Plenum Opening S/D Trunk Transition - Center,2,
248X1216-81CSD,24x8 Trunk to 12x16 Plenum Opening S/D Trunk Transition - Center,2,
2410X1218-81CSD,24x10 Trunk to 12x18 Plenum OpeningS/D Trunk Transition - Center,1,
308X1516-81CSD,30x8 Trunk to 15x16 Plenum Opening S/D Trunk Transition - Center,1,
2010X1216-81CSD,20x10 Trunk to 12x16 Plenum OpeningS/D Trunk Transition - Center,1,
28X8-81CSD,28x8 S/D Trunk Transition-Center,1,
32X8-81CSD,32x8 S/D Trunk Transition-Center,1,
26X8-81CSD,26x8 S/D Trunk Transition-Center,1,
12X8-81CSDA,12x8 S/D Adh Trk Transition-Center,2,
14X8-81CSDA,14x8 S/D Adh Trk Transition-Center,2,
16X8-81CSDA,16x8 S/D Adh Trk Transition-Center,2,
18X8-81CSDA,18x8 S/D Adh Transition-Center,2,
20X8-81CSDA,20x8 S/D Adh Trk Transition-Center,2,
22X8-81CSDA,22x8 S/D Adh Trk Transition-Center,1,
24X8-81CSDA,24x8 S/D Adh Trk Transition-Center,2,
28X8-81CSDA,28x8 S/D Adh Trk Transition-Center,1,
30X8-81CSDA,30x8 S/D Adh Trk Transition-Center,1,
32X8-81CSDA,32x8 S/D Adh Trk Transition-Center,1,
24X10-81CSDA,24x10 S/D Adh Trk Transition-Center,1,
10X3X6-100,10 x 3 1/4 x 6 Out of Wall Stkhd,1,
12X3X6-100,12 x 3 1/4 x 6 Out of Wall Stkhd,1,
10X2X6-101,10x2 1/4 to 10x6 Baseboard Stkhd,18,
12X2X6-101,12x2 1/4 to 12x6 Baseboard Stkhd,12,
10X3X4-101,10x3 1/4 to 10x4 Baseboard Stkhd,12,
10X3X6-101,10x3 1/4 10x6 Baseboard Stkhd,18,
12X3X4-101,12x3 1/4 to 12x4 Baseboard Stkhd,12,
12X3X6-101,12x3 1/4 12x6 Baseboard Stkhd,12,
14X3X6-101,14x3 1/4 14x6 Baseboard Stkhd,12,
12X2X6-102,12 x 2 1/4 to 12 x 6  Baseboard    Stackhead for two registers,1,
10X3X4-103,10x3 1/4 10x4 Floorplan Stackhead,1,
10X3X6-103,10x3 1/4 10x6 Floor Pan Stackhead,12,
12X3X6-103,12x3 1/4 12x6 Floorplan Stackhead,12,
10X2X6-104,10x2 1/4 10x6 #104 Stackhead,18,
12X2X6-104,12x2 1/4 12x6 #104 Stackhead,12,
10X3X6-104,10x3 1/4 10x6 #104 Stackhead,12,
12X3X6-104,12x3 1/4 12x6 #104 Stackhead,12,
105,"3 1/4"" to 2 1/4"" Adj. Boot Adapter",1,
8X4X6-110R,8 x 4 x 6  Straight Register Boot,12,
10X2X4-110R,10 x 2 1/4 x 4 Straight Reg Boot,12,
10X2X5-110R,10 x 2 1/4 x 5 Straight Reg Boot,12,
10X2X6-110R,10 x 2 1/4 x 6 Straight Reg Boot,12,
10X4X4-110R,10 x 4 x 4  Straight Register Boot,12,
10X4X5-110R,10 x 4 x 5  Straight Register Boot,12,
10X4X6-110R,10 x 4 x 6  Straight Register Boot,12,
10X4X7-110R,10 x 4 x 7  Straight Register Boot,12,
10X4X8-110R,10 x 4 x 8  Straight Register Boot,12,
10X6X5-110R,10 x 6 x 5  Straight Register Boot,12,
10X6X6-110R,10 x 6 x 6  Straight Register Boot,12,
10X6X7-110R,10 x 6 x 7  Straight Register Boot,12,
10X6X8-110R,10 x 6 x 8  Straight Register Boot,12,
12X2X4-110R,12 x 2 1/4 x 4 Straight Reg Boot,12,
12X2X5-110R,12 x 2 1/4 x 5 Straight Reg Boot,12,
12X2X6-110R,12 x 2 1/4 x 6 Straight Reg Boot,12,
12X2X7-110R,12 x 2 1/4 x 7 Straight Reg Boot,12,
12X4X4-110R,12 x 4 x 4  Straight Register Boot,1,
12X4X5-110R,12 x 4 x 5  Straight Register Boot,12,
12X4X6-110R,12 x 4 x 6  Straight Register Boot,12,
12X4X7-110R,12 x 4 x 7  Straight Register Boot,12,
12X4X8-110R,12 x 4 x 8  Straight Register Boot,12,
12X6X6-110R,12 x 6 x 6  Straight Register Boot,12,
12X6X7-110R,12 x 6 x 7  Straight Register Boot,12,
12X6X8-110R,12 x 6 x 8  Straight Register Boot,12,
12X8X8-110R,12 x 8 x 8  Straight Register Boot,12,
14X2X6-110R,14 x 2 1/4 x 6 Straight Reg Boot,12,
14X2X7-110R,14 x 2 1/4 x 7 Straight Reg Boot,12,
14X2X8-110R,14 x 2 1/4 x 8 Straight Reg Boot,12,
14X4X6-110R,14x4x6 Straight Register Boot,12,
14X4X7-110R,14x4x7 Straight Register Boot,12,
14X4X8-110R,14x4x8 Straight Register Boot,12,
14X6X6-110R,14 x 6 x 6  Straight Register Boot,12,
14X6X7-110R,14 x 6 x 7  Straight Register Boot,12,
14X6X8-110R,14 x 6 x 8  Straight Register Boot,12,
8X3X6-110S,8 x 3 1/4 x 6 Straight Stack Boot,12,
10X2X5-110S,10 x 2 1/4 x 5 Straight Stack Boot,12,
10X2X6-110S,10 x 2 1/4 x 6 Straight Stack Boot,12,
10X3X4-110S,10 x 3 1/4 x 4 Straight Stack Boot,12,
10X3X5-110S,10 x 3 1/4 x 5 Straight Stack Boot,12,
10X3X6-110S,10 x 3 1/4 x 6 Straight Stack Boot,12,
10X3X7-110S,10 x 3 1/4 x 7 Straight Stack Boot,12,
10X3X8-110S,10 x 3 1/4 x 8 Straight Stack Boot,12,
12X2X5-110S,12 x 2 1/4 x 5 Straight Stack Boot,12,
12X2X6-110S,12 x 2 1/4 x 6 Straight Stack Boot,12,
12X2X7-110S,12 x 2 1/4 x 7 Straight Stack Boot,12,
12X2X8-110S,12 x 2 1/4 x 8 Straight Stack Boot,12,
12X3X5-110S,12 x 3 1/4 x 5 Straight Stack Boot,12,
12X3X6-110S,12 x 3 1/4 x 6 Straight Stack Boot,12,
12X3X7-110S,12 x 3 1/4 x 7 Straight Stack Boot,12,
12X3X8-110S,12 x 3 1/4 x 8 Straight Stack Boot,12,
14X3X6-110S,14 x 3 1/4 x 6 Straight Stack Boot,12,
14X3X7-110S,14 x 3 1/4 x 7 Straight Stack Boot,12,
14X3X8-110S,14 x 3 1/4 x 8 Straight Stack Boot,12,
12X3X4-110S,12 x 3 1/4 x 4 Straight Stack Boot,1,
10X2X4-112R,10 x 2 1/4 x 4 End Register Boot,12,
10X2X5-112R,10 x 2 1/4 x 5 End Register Boot,12,
10X2X6-112R,10 x 2 1/4 x 6 End Register Boot,12,
10X4X4-112R,10x4x4 End Register Boot,12,
10X4X5-112R,10x4x5 End Register Boot,12,
10X4X6-112R,10x4x6 End Register Boot,12,
10X4X7-112R,10x4x7 End Register Boot,12,
10X4X8-112R,10x4x8 End Register Boot,1,
10X6X4-112R,10x6x4 End Register Boot,12,
10X6X5-112R,10x6x5 End Register Boot,12,
10X6X6-112R,10x6x6 End Register Boot,12,
10X6X7-112R,10x6x7 End Register Boot,12,
10X6X8-112R,10x6x8 End Register Boot,1,
12X2X4-112R,12 x 2 1/4 x 4 End Register Boot,12,
12X2X5-112R,12 x 2 1/4 x 5 End Register Boot,12,
12X2X6-112R,12 x 2 1/4 x 6 End Register Boot,12,
12X2X7-112R,12 x 2 1/4 x 7 End Register Boot,12,
12X4X4-112R,12x4x4 End Register Boot,12,
12X4X5-112R,12x4x5 End Register Boot,12,
12X4X6-112R,12x4x6 End Register Boot,12,
12X4X7-112R,12x4x7 End Register Boot,12,
12X4X8-112R,12x4x8 End Register Boot,12,
12X6X6-112R,12x6x6 End Register Boot,12,
12X6X7-112R,12x6x7 End Register Boot,12,
12X6X8-112R,12x6x8 End Register Boot,12,
14X2X6-112R,14 x 2 1/4 x 6 End Register Boot,12,
14X2X7-112R,14 x 2 1/4 x 7 End Register Boot,12,
14X4X7-112R,14x4x7 End Register Boot,12,
14X4X8-112R,14x4x8 End Register Boot,1,
14X6X8-112R,14x6x8 End Register Boot,12,
10X2X5-112RL,10 x 2 1/4 x 5 Left End Reg Boot,1,
10X2X6-112RL,10 x 2 1/4 x 6 Left End Reg Boot,12,
10X4X6-112RL,10x4x6 Left End Register Boot,12,
12X2X5-112RL,12x2 1/4x5 Left End Reg Boot,1,
12X2X6-112RL,12 x 2 1/4 x 6 Left End Reg Boot,12,
12X2X7-112RL,12 x 2 1/4 x 7 Left End Reg Boot,1,
12X4X6-112RL,12x4x6 Left End Register Boot,12,
12X4X7-112RL,12x4x7 Left End Register Boot,12,
14X4X7-112RL,14x4x7 Left End Register Boot,1,
14X4X8-112RL,14x4x8 Left End Register Boot,1,
10X2X5-112RR,10 x 2 1/4 x 5 Right End Reg Boot,1,
10X2X6-112RR,10 x 2 1/4 x 6 Right End Reg Boot,12,
10X4X6-112RR,10x4x6 Right End Register Boot,12,
12X2X5-112RR,12 x 2 1/4 x 5 Right End Reg Boot,1,
12X2X6-112RR,12 x 2 1/4 x 6 Right End Reg Boot,12,
12X2X7-112RR,12 x 2 1/4 x 7 Right End Reg Boot,1,
12X4X6-112RR,12x4x6 Right End Register Boot,12,
12X4X7-112RR,12x4x7 Right End Register Boot,12,
14X4X7-112RR,14x4x7 Right End Register Boot,1,
8X3X6-112S,8 x 3 1/4 x 6 End Stack Boot,12,
10X2X5-112S,10 x 2 1/4 x 5 End Stack Boot,12,
10X2X6-112S,10 x 2 1/4 x 6 End Stack Boot,12,
10X3X5-112S,10 x 3 1/4 x 5 End Stack Boot,12,
10X3X6-112S,10 x 3 1/4 x 6 End Stack Boot,12,
10X3X7-112S,10 x 3 1/4 x 7 End Stack Boot,1,
10X3X8-112S,10 x 3 1/4 x 8 End Stack Boot,12,
12X2X5-112S,12 x 2 1/4 x 5 End Stack Boot,12,
12X2X6-112S,12 x 2 1/4 x 6 End Stack Boot,12,
12X2X7-112S,12 x 2 1/4 x 7 End Stack Boot,12,
12X3X5-112S,12 x 3 1/4 x 5 End Stack Boot,12,
12X3X6-112S,12 x 3 1/4 x 6 End Stack Boot,12,
12X3X7-112S,12 x 3 1/4 x 7 End Stack Boot,12,
12X3X8-112S,12 x 3 1/4 x 8 End Stack Boot,1,
14X3X6-112S,14 x 3 1/4 x 6 End Stack Boot,1,
14X3X7-112S,14 x 3 1/4 x 7 End Stack Boot,1,
14X3X8-112S,14 x 3 1/4 x 8 End Stack Boot,1,
10X4X5-113A,10x4x5 90* Register Boot,12,
10X4X6-113A,10x4x6 90* Register Boot Adj,12,
12X2X5-113A,12 x 2 1/4 x 5 90* Register Boot,12,
12X2X6-113A,12 x 2 1/4 x 6 90* Register Boot,12,
12X4X6-113A,12x4x6 90* Register Boot,12,
8X4X4-113R,8x4x4 90* Register Boot,12,
8X4X6-113R,8X4X6 90* Register Boot,1,
10X2X4-113R,10 x 2 1/4 x 4 90* Register Boot,12,
10X2X5-113R,10 x 2 1/4 x 5 90* Register Boot,12,
10X2X6-113R,10 x 2 1/4 x 6 90* Register Boot,12,
10X4X4-113R,10x4x4 90* Register Boot,12,
10X4X5-113R,10x4x5 90* Register Boot,12,
10X4X6-113R,10x4x6 90* Register Boot,12,
10X4X7-113R,10x4x7 90* Register Boot,12,
10X4X8-113R,10x4x8 90* Register Boot,1,
10X6X4-113R,10x6x4 90* Register Boot,12,
10X6X5-113R,10x6x5 90* Register Boot,12,
10X6X6-113R,10x6x6 90* Register Boot,12,
10X6X7-113R,10x6x7 90* Register Boot,12,
10X6X8-113R,10x6x8 90* Register Boot,12,
12X2X4-113R,12 x 2 1/4 x 4 90* Register Boot,12,
12X2X5-113R,12 x 2 1/4 x 5 90* Register Boot,12,
12X2X6-113R,12 x 2 1/4 x 6 90* Register Boot,12,
12X2X7-113R,12 x 2 1/4 x 7 90* Register Boot,12,
12X4X5-113R,12x4x5 90* Register Boot,12,
12X4X6-113R,12x4x6 90* Register Boot,12,
12X4X7-113R,12x4x7 90* Register Boot,12,
12X4X8-113R,12x4x8 90* Register Boot,12,
12X6X5-113R,12x6x5 90* Register Boot,12,
12X6X6-113R,12x6x6 90* Register Boot,12,
12X6X7-113R,12x6x7 90* Register Boot,12,
12X6X8-113R,12x6x8 90* Register Boot,12,
12X8X8-113R,12x8x8 90* Register Boot,1,
14X2X5-113R,14 x 2 1/4 x 5 90* Register Boot,12,
14X2X6-113R,14 x 2 1/4 x 6 90* Register Boot,12,
14X2X7-113R,14 x 2 1/4 x 7 90* Register Boot,1,
14X2X8-113R,14 x 2 1/4 x 8 90* Register Boot,1,
14X4X6-113R,14x4x6 90* Register Boot,12,
14X4X7-113R,14x4x7 90* Register Boot,12,
14X4X8-113R,14x4x8 90* Register Boot,12,
14X6X6-113R,14x6x6 90* Register Boot,12,
14X6X7-113R,14x6x7 90* Register Boot,12,
14X6X8-113R,14x6x8 90* Register Boot,12,
10X6X6-BRB,"10X6 6"" Basement Register Boot",12,
12X6X6-BRB,12x6x6 Basement Reg. Boot w/ Ears,12,
8X3X5-113S,8 x 3 1/4 x 5 90* Stack Boot,12,
8X3X6-113S,8 x 3 1/4 x 6 90* Stack Boot,12,
10X2X5-113S,10 x2 1/4 x 5 90* Stack Boot,12,
10X2X6-113S,10 x 2 1/4 x 6 90* Stack Boot,12,
10X3X4-113S,10 x 3 1/4 x 4 90* Stack Boot,12,
10X3X5-113S,10 x 3 1/4 x 5 90* Stack Boot,12,
10X3X6-113S,10 x 3 1/4 x 6 90* Stack Boot,12,
10X3X7-113S,10 x 3 1/4 x 7 90* Stack Boot,1,
10X3X8-113S,10 x 3 1/4 x 8 90* Stack Boot,12,
12X2X5-113S,12 x 2 1/4 x 5 90* Stack Boot,12,
12X2X6-113S,12 x 2 1/4 x 6 90* Stack Boot,12,
12X2X7-113S,12 x 2 1/4 x 7 90* Stack Boot,12,
12X3X5-113S,12 x 3 1/4 x 5 90* Stack Boot,12,
12X3X6-113S,12 x 3 1/4 x 6 90* Stack Boot,12,
12X3X7-113S,12 x 3 1/4 x 7 90* Stack Boot,12,
12X3X8-113S,12 x 3 1/4 x 8 90* Stack Boot,12,
14X3X6-113S,14 x 3 1/4 x 6 90* Stack Boot,1,
14X3X7-113S,14 x 3 1/4 x 7 90* Stack Boot,12,
14X3X8-113S,14 x 3 1/4 x 8 90* Stack Boot,1,
10X4X6-BRB,"10x4 6"" #113 Basement Register Boot",12,
115BE-6,"10x3 1/4 to 10x4 Extended Offset 6""",1,
12X2X4-115BE-6,"12x2 1/4 x4"" Extended Offset 6""",1,
10X2-117SET,10x2 1/4 #117 Set In End Cap,1,
12X2-117SET,12x2 1/4 #117 Set In End Cap,1,
10X3-117SET,10 x 3 1/4 WallStack Set In End Cap,1,
12X3-117SET,12x3 1/4 #117 Set In End Cap,1,
14X3-117SET,14x3 1/4 #117 Set In End Cap,1,
10X2-120,10 x 2 1/4  Shortway Stack Elbow,20,
12X2-120,12 x 2 1/4 Shortway Stack Elbow,20,
10X3-120,10 x 3 1/4 Shortway Stack Elbow,22,
12X3-120,12 x 3 1/4 Shortway Stack Elbow,20,
14X3-120,14 x 3 1/4 Shortway Stack Elbow,1,
8X8-120SD,8x8 S/D Shortway Trunk Elbow,1,
10X8-120SD,10x8 S/D Shortway Trunk Elbow,1,
12X8-120SD,12x8 S/D Shortway Trunk Elbow,1,
14X8-120SD,14x8 S/D Shortway Trunk Elbow,1,
16X8-120SD,16x8 S/D Shortway Trunk Elbow,1,
18X8-120SD,18x8 S/D Shortway Trunk Elbow,1,
20X8-120SD,20x8 S/D Shortway Trunk Elbow,1,
22X8-120SD,22x8 S/D Shortway Trunk Elbow,1,
24X8-120SD,24x8 S/D Shortway Trunk Elbow,1,
26X8-120SD,26x8 S/D Shortway Trunk Elbow,1,
28X8-120SD,28x8 S/D Shortway Trunk Elbow,1,
30X8-120SD,30x8 S/D Shortway Trunk Elbow,1,
32X8-120SD,32x8 S/D Shortway Trunk Elbow,1,
10X10-120SD,10X10 S/D Shortway Trunk Elbow,1,
12X10-120SD,12x10 S/D Shortway Trunk Elbow,1,
14X10-120SD,14x10 S/D Shortway Trunk Elbow,1,
16X10-120SD,16x10 S/D Shortway Trunk Elbow,1,
18X10-120SD,18x10 S/D Shortway Trunk Elbow,1,
20X10-120SD,20x10 S/D Shortway Trunk Elbow,1,
22X10-120SD,22x10 S/D Shortway Trunk Elbow,1,
24X10-120SD,24x10 S/D Shortway Trunk Elbow,1,
30X10-120SD,30x10 S/D Shortway Trunk Elbow,1,
12X12-120SD,12x12 S/D Shortway Trunk Elbow,1,
14X12-120SD,14x12 S/D Shortway Trunk Elbow,1,
16X12-120SD,16x12 S/D Shortway Trunk Elbow,1,
18X12-120SD,18x12 S/D Shortway Trunk Elbow,1,
20X12-120SD,20x12 S/D Shortway Trunk Elbow,1,
22X12-120SD,22x12 S/D Shortway Trunk Elbow,1,
24X12-120SD,24x12 S/D Shortway Trunk Elbow,1,
10X2-121,10 x 2 1/4 Shortway Stack Angle,20,
12X2-121,12 x 2 1/4 Shortway Stack Angle,20,
10X3-121,10 x 3 1/4 Shortway Stack Angle,20,
12X3-121,12 x 3 1/4 Shortway Stack Angle,20,
14X3-121,14 x 3 1/4 Shortway Stack Angle,1,
8X8-121SD,8x8 S/D Shortway Trunk Angle,1,
10X8-121SD,10x8 S/D Shortway Trunk Angle,1,
12X8-121SD,12x8 S/D Shortway Trunk Angle,1,
14X8-121SD,14x8 S/D Shortway Trunk Angle,1,
16X8-121SD,16x8 S/D Shortway Trunk Angle,1,
18X8-121SD,18x8 S/D Shortway Trunk Angle,1,
20X8-121SD,20x8 S/D Shortway Trunk Angle,1,
22X8-121SD,22x8 S/D Shortway Trunk Angle,1,
24X8-121SD,24x8 S/D Shortway Trunk Angle,1,
26X8-121SD,26x8 S/D Shortway Trunk Angle,1,
28X8-121SD,28x8 S/D Shortway Trunk Angle,1,
30X8-121SD,30x8 S/D Shortway Trunk Angle,1,
32X8-121SD,32x8 S/D Shortway Trunk Angle,1,
10X10-121SD,10x10 S/D Shortway Trunk Angle,1,
12X10-121SD,12x10 S/D Shortway Trunk Angle,1,
14X10-121SD,14x10 S/D Shortway Trunk Angle,1,
16X10-121SD,16x10 S/D Shortway Trunk Angle,1,
18X10-121SD,18x10 S/D Shortway Trunk Angle,1,
20X10-121SD,20x10 S/D Shortway Trunk Angle,1,
22X10-121SD,22x10 S/D Shortway Trunk Angle,1,
24X10-121SD,24x10 S/D Shortway Trunk Angle,1,
12X12-121SD,12x12 S/D Shortway Trunk Angle,1,
14X12-121SD,14x12 S/D Shortway Trunk Angle,1,
16X12-121SD,16x12 S/D Shortway Trunk Angle,1,
18X12-121SD,18x12 S/D Shortway Trunk Angle,1,
20X12-121SD,20x12 S/D Shortway Trunk Angle,1,
24X12-121SD,24x12 S/D Shortway Trunk Angle,1,
10X2-122,10 x 2 1/4 Longway Stack Elbow,6,
12X2-122,12 x 2 1/4 Longway Stack Elbow,6,
10X3-122,10 x 3 1/4 Longway Stack Elbow,6,
12X3-122,12 x 3 1/4 Longway Stack Elbow,6,
14X3-122,14 x 3 1/4 Longway Stack Elbow,1,
8X8-122SD,8x8 S/D Longway Trunk Elbow,1,
10X8-122SD,10x8 S/D Longway Trunk Elbow,1,
12X8-122SD,12x8 S/D Longway Trunk Elbow,1,
14X8-122SD,14x8 S/D Longway Trunk Elbow,1,
16X8-122SD,16x8 S/D Longway Trunk Elbow,1,
18X8-122SD,18x8 S/D Longway Trunk Elbow,1,
20X8-122SD,20x8 S/D Longway Trunk Elbow,1,
22X8-122SD,22x8 S/D Longway Trunk Elbow,1,
24X8-122SD,24x8 S/D Longway Trunk Elbow,1,
26X8-122SD,26x8 S/D Longway Trunk Elbow,1,
28X8-122SD,28x8 S/D Longway Trunk Elbow,1,
30X8-122SD,30x8 S/D Longway Trunk Elbow,1,
32X8-122SD,32x8 S/D Longway Trunk Elbow,1,
10X10-122SD,10x10 S/D Longway Trunk Elbow,1,
12X10-122SD,12x10 S/D Longway Trunk Elbow,1,
14X10-122SD,14x10 S/D Longway Trunk Elbow,1,
16X10-122SD,16x10 S/D Longway Trunk Elbow,1,
18X10-122SD,18x10 S/D Longway Trunk Elbow,1,
20X10-122SD,20x10 S/D Longway Trunk Elbow,1,
22X10-122SD,22x10 S/D Longway Trunk Elbow,1,
24X10-122SD,24x10 S/D Longway Trunk Elbow,1,
12X12-122SD,12x12 S/D Longway Trunk Elbow,1,
14X12-122SD,14x12 S/D Longway Trunk Elbow,1,
16X12-122SD,16x12 S/D Longway Trunk Elbow,1,
18X12-122SD,18x12 S/D Longway Trunk Elbow,1,
20X12-122SD,20x12 S/D Longway Trunk Elbow,1,
22X12-122SD,22x12 S/D Longway Trunk Elbow,1,
24X12-122SD,24x12 S/D Longway Trunk Elbow,1,
30X10-122SD,30x10 S/D Longway Trunk Elbow,1,
10X2-123,10 x 2 1/4 Longway Stack Angle,6,
12X2-123,12 x 2 1/4 Longway Stack Angle,6,
10X3-123,10 x 3 1/4 Longway Stack Angle,6,
12X3-123,12 x 3 1/4 Longway Stack Angle,6,
14X3-123,14 x 3 1/4 Longway Stack Angle,1,
8X8-123SD,8x8 S/D Longway Trunk Angle,1,
10X8-123SD,10x8 S/D Longway Trunk Angle,1,
12X8-123SD,12x8 S/D Longway Trunk Angle,1,
14X8-123SD,14x8 S/D Longway Trunk Angle,1,
16X8-123SD,16x8 S/D Longway Trunk Angle,1,
18X8-123SD,18x8 S/D Longway Trunk Angle,1,
20X8-123SD,20x8 S/D Longway Trunk Angle,1,
22X8-123SD,22x8 S/D Longway Trunk Angle,1,
24X8-123SD,24x8 S/D Longway Trunk Angle,1,
28X8-123SD,28x8 S/D Longway Trunk Angle,1,
30X8-123SD,30x8 S/D Longway Trunk Angle,1,
32X8-123SD,32x8 S/D Longway Trunk Angle,1,
10X10-123SD,10x10 S/D Longway Trunk Angle,1,
12X10-123SD,12x10 S/D Longway Trunk Angle,1,
14X10-123SD,14x10 S/D Longway Trunk Angle,1,
16X10-123SD,16x10 S/D Longway Trunk Angle,1,
18X10-123SD,18x10 S/D Longway Trunk Angle,1,
20X10-123SD,20x10 S/D Longway Trunk Angle,1,
22X10-123SD,22x10 S/D Longway Trunk Angle,1,
24X10-123SD,24x10 S/D Longway Trunk Angle,1,
12X12-123SD,12x12 S/D Longway Trunk Angle,1,
14X12-123SD,14x12 S/D Longway Trunk Angle,1,
16X12-123SD,16x12 S/D Longway Trunk Angle,1,
18X12-123SD,18x12 S/D Longway Trunk Angle,1,
20X12-123SD,20x12 S/D Longway Trunk Angle,1,
24X12-123SD,24x12 S/D Longway Trunk Angle,1,
10X2X24-124,"10 x 2 1/4 x 24"" Wallstack",5,
10X2X48-124,"10 x 2 1/4 x 48"" Wallstack",5,
10X2X60-124,"10 x 2 1/4 x 60"" Wallstack",5,
10X2X100-124,"10 x 2 1/4 x 100"" Wallstack",5,
10X3X12-124,"10 x 3 1/4 x 12"" Wallstack",5,
10X3X24-124,"10 x 3 1/4 x 24"" Wallstack",5,
10X3X36-124,"10 x 3 1/4 x 36"" Wallstack",5,
10X3X48-124,"10 x 3 1/4 x 48"" Wallstack",5,
10X3X60-124,"10 x 3 1/4 x 60"" Wallstack",5,
10X3X100-124,"10 x 3 1/4 x 100"" Wallstack",5,
12X2X24-124,"12 x 2 1/4 x 24"" Wallstack",5,
12X2X48-124,"12 x 2 1/4 x 48"" Wallstack",5,
12X2X60-124,"12 x 2 1/4 x 60"" Wallstack",5,
12X2X100-124,"12 x 2 1/4 x 100"" Wallstack",5,
12X3X12-124,"12 x 3 1/4 x 12"" Wallstack",5,
12X3X24-124,"12 x 3 1/4 x 24"" Wallstack",5,
12X3X48-124,"12 x 3 1/4 x 48"" Wallstack",5,
12X3X60-124,"12 x 3 1/4 x 60"" Wallstack",5,
12X3X100-124,"12 x 3 1/4 x 100"" Wallstack",5,
14X3X24-124,"14 x 3 1/4 x 24"" Wallstack",5,
14X3X60-124,"14 x 3 1/4 x 60"" Wallstack",5,
10X3X30-124,"10 x 3 1/4 x 30"" Wallstack",5,
12X3X30-124,"12 x 3 1/4 x 30"" Wallstack",5,
8X8X30-125SD,"8x8 30"" Slide/Drive Trunk Duct",1,
10X8X30-125SD,"10x8 30"" Slide/Drive Trunk Duct",1,
12X8X30-125SD,"12x8 30"" Slide/Drive Trunk Duct",1,
14X8X30-125SD,"14x8 30"" Slide/Drive Trunk Duct",1,
16X8X30-125SD,"16x8 30"" Slide/Drive Trunk Duct",1,
18X8X30-125SD,"18x8 30"" Slide/Drive Trunk Duct",1,
20X8X30-125SD,"20x8 30"" Slide/Drive Trunk Duct",1,
24X8X30-125SD,"24x8 30"" Slide/Drive Trunk Duct",1,
8X8X36-125SD,"8x8 36"" Slide/Drive Trunk Duct",1,
10X8X36-125SD,"10x8 36"" Slide/Drive Trunk Duct",1,
12X8X36-125SD,"12x8 36"" Slide/Drive Trunk Duct",1,
14X8X36-125SD,"14x8 36"" Slide/Drive Trunk Duct",1,
16X8X36-125SD,"16x8 36"" Slide/Drive Trunk Duct",1,
18X8X36-125SD,"18x8 36"" Slide/Drive Trunk Duct",1,
20X8X36-125SD,"20x8 36"" Slide/Drive Trunk Duct",1,
22X8X36-125SD,"22x8 36"" Slide/Drive Trunk Duct",1,
24X8X36-125SD,"24x8 36"" Slide/Drive Trunk Duct",1,
26X8X36-125SD,"26x8 36"" Slide/Drive Trunk Duct",1,
28X8X36-125SD,"28x8 36"" Slide/Drive Trunk Duct",1,
30X8X36-125SD,"30x8 36"" Slide/Drive Trunk Duct",1,
32X8X36-125SD,"32x8 36"" Slide/Drive Trunk Duct",1,
20X10X36-125SD,"20x10 36"" Slide/Drive Trunk Duct",1,
24X10X36-125SD,"24x10 36"" Slide/Drive Trunk Duct",1,
8X8X48-125SD,"8x8 48"" Slide/Drive Trunk Duct",5,
10X8X48-125SD,"10x8 48"" Slide/Drive Trunk Duct",5,
12X8X48-125SD,"12x8 48"" Slide/Drive Trunk Duct",5,
14X8X48-125SD,"14x8 48"" Slide/Drive Trunk Duct",5,
16X8X48-125SD,"16x8 48"" Slide/Drive Trunk Duct",5,
18X8X48-125SD,"18x8 48"" Slide/Drive Trunk Duct",5,
20X8X48-125SD,"20x8 48"" Slide/Drive Trunk Duct",5,
22X8X48-125SD,"22x8 48"" Slide/Drive Trunk Duct",5,
24X8X48-125SD,"24x8 48"" Slide/Drive Trunk Duct",5,
26X8X48-125SD,"26x8 48"" Slide/Drive Trunk Duct",1,
28X8X48-125SD,"28x8 48"" Slide/Drive Trunk Duct",1,
30X8X48-125SD,"30x8 48"" Slide/Drive Trunk Duct",1,
32X8X48-125SD,"32x8 48"" Slide/Drive Trunk Duct",1,
10X10X48-125SD,"10x10 48"" Slide/Drive Trunk Duct",5,
12X10X48-125SD,"12x10 48"" Slide/Drive Trunk Duct",5,
14X10X48-125SD,"14x10 48"" Slide/Drive Trunk Duct",5,
16X10X48-125SD,"16x10 48"" Slide/Drive Trunk Duct",5,
18X10X48-125SD,"18x10 48"" Slide/Drive Trunk Duct",5,
20X10X48-125SD,"20x10 48"" Slide/Drive Trunk Duct",5,
22X10X48-125SD,"22x10 48"" Slide/Drive Trunk Duct",5,
24X10X48-125SD,"24x10 48"" Slide/Drive Trunk Duct",5,
25X10X48-125SD,"25x10 48"" Slide/Drive Trunk Duct",5,
26X10X48-125SD,"26x10 48"" Slide/Drive Trunk Duct",1,
28X10X48-125SD,"28x10 48"" Slide/Drive Trunk Duct",1,
30X10X48-125SD,"30x10 48"" Slide/Drive Trunk Duct",1,
12X12X48-125SD,"12x12 48"" Slide/Drive Trunk Duct",1,
14X12X48-125SD,"14x12 48"" Slide/Drive Trunk Duct",1,
16X12X48-125SD,"16x12 48"" Slide/Drive Trunk Duct",1,
18X12X48-125SD,"18x12 48"" Slide/Drive Trunk Duct",1,
20X12X48-125SD,"20x12 48"" Slide/Drive Trunk Duct",1,
22X12X48-125SD,"22x12 48"" Slide/Drive Trunk Duct",1,
24X12X48-125SD,"24x12 48"" Slide/Drive Trunk Duct",1,
28X12X48-125SD,"28x12 48"" S/D Galv Trunk Duct",1,
24X14X48-125SD,"24x14 48"" Slide/Drive Trunk Duct",1,
8X8X60-125SD,"8x8 60"" Slide/Drive Trunk Duct",5,
10X8X60-125SD,"10x8 60"" Slide/Drive Trunk Duct",5,
12X8X60-125SD,"12x8 60"" Slide/Drive Trunk Duct",5,
14X8X60-125SD,"14x8 60"" Slide/Drive Trunk Duct",5,
16X8X60-125SD,"16x8 60"" Slide/Drive Trunk Duct",5,
18X8X60-125SD,"18x8 60"" Slide/Drive Trunk Duct",5,
20X8X60-125SD,"20x8 60"" Slide/Drive Trunk Duct",5,
22X8X60-125SD,"22x8 60"" Slide/Drive Trunk Duct",5,
24X8X60-125SD,"24x8 60"" Slide/Drive Trunk Duct",5,
26X8X60-125SD,"26x8 60"" Slide/Drive Trunk Duct",1,
28X8X60-125SD,"28x8 60"" Slide/Drive Trunk Duct",1,
30X8X60-125SD,"30x8 60"" Slide/Drive Trunk Duct",1,
32X8X60-125SD,"32x8 60"" Slide/Drive Trunk Duct",1,
10X10X60-125SD,"10x10 60"" Slide/Drive Trunk Duct",5,
12X10X60-125SD,"12x10 60"" Slide/Drive Trunk Duct",5,
14X10X60-125SD,"14x10 60"" Slide/Drive Trunk Duct",5,
16X10X60-125SD,"16x10 60"" Slide/Drive Trunk Duct",5,
18X10X60-125SD,"18x10 60"" Slide/Drive Trunk Duct",5,
20X10X60-125SD,"20x10 60"" Slide/Drive Trunk Duct",5,
22X10X60-125SD,"22x10 60"" Slide/Drive Trunk Duct",5,
24X10X60-125SD,"24x10 60"" Slide/Drive Trunk Duct",5,
26X10X60-125SD,"26x10 60"" Slide/Drive Trunk Duct",1,
30X10X60-125SD,"30x10 60"" Slide/Drive Trunk Duct",1,
12X12X60-125SD,"12x12 60"" Slide/Drive Trunk Duct",1,
14X12X60-125SD,"14x12 60"" Slide/Drive Trunk Duct",1,
16X12X60-125SD,"16x12 60"" Slide/Drive Trunk Duct",1,
18X12X60-125SD,"18x12 60"" Slide/Drive Trunk Duct",1,
20X12X60-125SD,"20x12 60"" Slide/Drive Trunk Duct",1,
22X12X60-125SD,"22x12 60"" Slide/Drive Trunk Duct",1,
24X12X60-125SD,"24x12 60"" Slide/Drive Trunk Duct",1,
8X8X96-125SD,"8x8 96"" Slide/Drive Trunk Duct",1,
10X8X96-125SD,"10x8 96"" Slide/Drive Trunk Duct",1,
12X8X96-125SD,"12x8 96"" Slide/Drive Trunk Duct",1,
14X8X96-125SD,"14x8 96"" Slide/Drive Trunk Duct",1,
16X8X96-125SD,"16x8 96"" Slide/Drive Trunk Duct",1,
18X8X96-125SD,"18x8 96"" Slide/Drive Trunk Duct",1,
20X8X96-125SD,"20x8 96"" Slide/Drive Trunk Duct",1,
22X8X96-125SD,"22x8 96"" Slide/Drive Trunk Duct",1,
24X8X96-125SD,"24x8 96"" Slide/Drive Trunk Duct",1,
10X10X96-125SD,"10x10 96"" Slide/Drive Trunk Duct",1,
12X10X96-125SD,"12x10 96"" Slide/Drive Trunk Duct",1,
14X10X96-125SD,"14x10 96"" Slide/Drive Trunk Duct",1,
16X10X96-125SD,"16x10 96"" Slide/Drive Trunk Duct",1,
18X10X96-125SD,"18x10 96"" Slide/Drive Trunk Duct",1,
20X10X96-125SD,"20x10 96"" Slide/Drive Trunk Duct",1,
22X10X96-125SD,"22x10 96"" Slide/Drive Trunk Duct",1,
24X10X96-125SD,"24x10 96"" Slide/Drive Trunk Duct",1,
8X8X48-125SDUB,"8x8 48"" Unboxed S/D Trunk Duct",1,
10X8X48-125SDUB,"10x8 48"" Unboxed S/D Trunk Duct",1,
12X8X48-125SDUB,"12x8 48"" Unboxed S/D Trunk Duct",1,
14X8X48-125SDUB,"14x8 48"" Unboxed S/D Trunk Duct",1,
16X8X48-125SDUB,"16x8 48"" Unboxed S/D Trunk Duct",1,
18X8X48-125SDUB,"18x8 48"" Unboxed S/D Trunk Duct",1,
20X8X48-125SDUB,"20x8 48"" Unboxed S/D Trunk Duct",1,
22X8X48-125SDUB,"22x8 48"" Unboxed S/D Trunk Duct",1,
24X8X48-125SDUB,"24x8 48"" Unboxed S/D Trunk Duct",1,
8X8X60-125SDUB,"8x8 60"" Unboxed S/D Trunk Duct",1,
10X8X60-125SDUB,"10x8 60"" Unboxed S/D Trunk Duct",1,
12X8X60-125SDUB,"12x8 60"" Unboxed S/D Trunk Duct",1,
14X8X60-125SDUB,"14x8 60"" Unboxed S/D Trunk Duct",1,
16X8X60-125SDUB,"16x8 60"" Unboxed S/D Trunk Duct",1,
18X8X60-125SDUB,"18x8 60"" Unboxed S/D Trunk Duct",1,
20X8X60-125SDUB,"20x8 60"" Unboxed S/D Trunk Duct",1,
22X8X60-125SDUB,"22x8 60"" Unboxed S/D Trunk Duct",1,
24X8X60-125SDUB,"24x8 60"" Unboxed S/D Trunk Duct",1,
10X10X48-125SDU,"10x10 48"" Unboxed S/D Trunk Duct",1,
12X10X48-125SDU,"12x10 48"" Unboxed S/D Trunk Duct",1,
14X10X48-125SDU,"14x10 48"" Unboxed S/D Trunk Duct",1,
16X10X48-125SDU,"16x10 48"" Unboxed S/D Trunk Duct",1,
18X10X48-125SDU,"W8x10 48"" Unboxed S/D Trunk Duct",1,
20X10X48-125SDU,"20x10 48"" Unboxed S/D Trunk Duct",1,
22X10X48-125SDU,"22x10 48"" Unboxed S/D Trunk Duct",1,
24X10X48-125SDU,"24x10 48"" Unboxed S/D Trunk Duct",1,
10X10X60-125SDU,"10x10 60"" Unboxed S/D Trunk Duct",1,
12X10X60-125SDU,"12x10 60"" Unboxed S/D Trunk Duct",1,
14X10X60-125SDU,"14x10  60"" Unboxed S/D Trunk Duct",1,
16X10X60-125SDU,"16x10 60"" Unboxed S/D Trunk Duct",1,
18X10X60-125SDU,"18x10 60"" Unboxed S/D Trunk Duct",1,
20X10X60-125SDU,"20x10 60"" Unboxed S/D Trunk Duct",1,
22X10X60-125SDU,"22x10  60""  Unboxed S/D Trunk Duct",1,
24X10X60-125SDU,"24x10 60"" Slide/Drive Trunk Duct",1,
8848-125SDUBR,"8 x 8 x 48""     S/D Trunk Duct     Unboxed & Racked  -  175 per",175,
10848-125SDUBR,"10 x 8 x 48""   S/D Trunk Duct      Unboxed & Racked  -  150 per",150,
12848-125SDUBR,"12 x 8 x 48""     S/D Trunk Duct    Unboxed & Racked  -  125 per",125,
14848-125SDUBR,"14 x 8 x 48""  S/D Trunk Duct       Unboxed & Racked  -  125 per",125,
16848-125SDUBR,"16 x 8 x 48""    S/D Trunk Duct     Unboxed & Racked  -  125 per",125,
18848-125SDUBR,"18 x 8 x 48""     S/D Trunk Duct    Unboxed & Racked   -   75 per",75,
20848-125SDUBR,"20 x 8 x 48""   S/D Trunk Duct      Unboxed & Racked   -  75 per",75,
22848-125SDUBR,"22 x 8 x 48""    S/D Trunk Duct     Unboxed & Racked  -  75 per",75,
24848-125SDUBR,"24 x 8 x 48""   S/D Trunk Duct      Unboxed & Racked  -  75 per",75,
101048-125SDUBR,"10 x 10 x 48""   S/D  Trunk Duct    Unboxed & Racked  -  150 per",150,
121048-125SDUBR,"12 x 10 x 48""   S/D  Trunk Duct    Unboxed & Racked  -  125 per",125,
141048-125SDUBR,"14 x 10 x 48""   S/D  Trunk Duct    Unboxed & Racked  -  125 per",100,
161048-125SDUBR,"16 x 10 x 48""   S/D  Trunk Duct    Unboxed & Racked  -  75  PER",75,
181048-125SDUBR,"18 x 10 x 48""  S/D  Trunk Duct     Unboxed & Racked  -  75 per",75,
201048-125SDUBR,"20 x 10 x 48""   S/D   Trunk Duct   Unboxed & Racked  -  75 per",75,
221048-125SDUBR,"22 x 10 x 48""   S/D  Trunk Duct    Unboxed & Racked  -  60 per",60,
241048-125SDUBR,"24x10 48"" S/D Trunk Unboxed        60 per Rack",60,
8860-125SDUBR,"8 x 8 x 60"" S/D Trunk Duct         Unboxed & Racked  -  175 per",175,
10860-125SDUBR,"10 x 8 x 60"" S/D Trunk Duct        Unboxed & Racked  -  150 per",150,
12860-125SDUBR,12x8x60 S/D Trunk Duct - Unboxed   Racked - 125per,125,
14860-125SDUBR,14x8x60 S/D Trunk Duct - Unboxed   Racked - 125 per,125,
16860-125SDUBR,16x8x60 S/D Trunk Duct - Unboxed   Racked - 125 per,125,
18860-125SDUBR,"18x8x60"" S/D Trunk Duct - Unboxed  Racked  -  75 per",75,
20860-125SDUBR,20x8x60 S/D Trunk Duct - Unboxed   Racked - 75 per,75,
22860-125SDUBR,"22 x 8 x 60"" S/D Trunk Duct        Unboxed & Racked  -  75 per",75,
24860-125SDUBR,"24 x 8 x 60"" S/D Trunk Duct        Unboxed & Racked  -  75 per",75,
101060-125SDUBR,"10 x 10 x 60""    S/D Trunk Duct    Unboxed & Racked  -  150 per",150,
121060-125SDUBR,"12 x 10 x 60""   S/D Trunk Duct     Unboxed & Racked  -  125 per",125,
141060-125SDUBR,"14 x 10 x 60""   S/D Trunk Duct     Unboxed & Racked  -  125 per",125,
161060-125SDUBR,"16 x 10 x 60""   S/D Trunk Duct     Unboxed & Racked  -  75 per",75,
181060-125SDUBR,"18 x 10 x 60""   S/D Trunk Duct     Unboxed & Racked  -  75 per",75,
201060-125SDUBR,"20 x 10 x 60""   S/D  Trunk Duct    Unboxed & Racked  -  75 per",75,
221060-125SDUBR,"22 x 10 x 60""   S/D  Trunk Duct    Unboxed & Racked  -  60 per",60,
241060-125SDUBR,"24 x 10 x 60""   S/D  Trunk Duct    Unboxed & Racked  -  60 per",60,
10X3-126,10x3 1/4 #126 Rev Elbow Left,1,
12X3-126,12x3 1/4 #126 Rev Elbow Left,1,
10X3-127,10x3 1/4 #127 Rev Elbow Center,1,
12X3-127,12x3 1/4 #127 Rev Elbow Center,1,
10X3-128,10x3 1/4 #128 Rev Elbow Right,1,
12X3-128,12x3 1/4 #128 Rev Elbow Right,1,
10X2-141,10x2 1/4 Straight Start Collar,5,
12X2-141,12x2 1/4 Straight Start Collar,5,
10X3-141,10x3 1/4 Straight Start Collar,5,
12X3-141,12x3 1/4 Straight Start Collar,5,
8X8-141SD,8x8 S/D Straight Start Collar,5,
10X8-141SD,10x8 S/D Straight Start Collar,5,
12X8-141SD,12x8 S/D Straight Start Collar,5,
14X8-141SD,14x8 S/D Straight Start Collar,5,
16X8-141SD,16x8 S/D Straight Start Collar,5,
18X8-141SD,18x8 S/D Straight Start Collar,5,
20X8-141SD,20x8 S/D Straight Start Collar,5,
22X8-141SD,22x8 S/D Straight Start Collar,1,
24X8-141SD,24x8 S/D Straight Start Collar,5,
26X8-141SD,26x8 S/D Straight Start Collar,1,
28X8-141SD,28x8 S/D Straight Start Collar,1,
30X8-141SD,30x8 S/D Straight Start Collar,1,
32X8-141SD,32X8 S/D Straight Start Collar,1,
10X10-141SD,10x10 S/D Straight Start Collar,1,
12X10-141SD,12x10 S/D Straight Start Collar,5,
14X10-141SD,14x10 S/D Straight Start Collar,5,
16X10-141SD,16x10 S/D Straight Start Collar,5,
18X10-141SD,18x10 S/D Straight Start Collar,5,
20X10-141SD,20x10 S/D Straight Start Collar,5,
22X10-141SD,22x10 S/D Straight Start Collar,1,
24X10-141SD,24x10 S/D Straight Start Collar,5,
12X12-141SD,12x12 S/D Straight Start Collar,1,
14X12-141SD,14x12 S/D Straight Start Collar,1,
16X12-141SD,16x12 S/D Straight Start Collar,1,
18X12-141SD,18x12 S/D Straight Start Collar,1,
20X12-141SD,20x12 S/D Straight Start Collar,1,
24X12-141SD,24x12 S/D Straight Start Collar,1,
8X8-141SDA,8x8 S/D Adh Straight Start Collar,5,
10X8-141SDA,10x8 S/D Adh Straight Start Collar,5,
12X8-141SDA,12x8 S/D Adh Straight Start Collar,5,
14X8-141SDA,14x8 S/D Adh Straight Start Collar,5,
16X8-141SDA,16x8 S/D Adh Straight Start Collar,5,
18X8-141SDA,18x8 S/D Adh Straight Start Collar,5,
20X8-141SDA,20x8 S/D Adh Straight Start Collar,5,
22X8-141SDA,22x8 S/D Adh Straight Start Collar,1,
24X8-141SDA,24x8 S/D Adh Straight Start Collar,1,
26X8-141SDA,26x8 S/D Adh Straight Start Collar,1,
28X8-141SDA,28x8 S/D Adh Straight Start Collar,1,
30X8-141SDA,30x8 S/D Adh Straight Start Collar,1,
32X8-141SDA,32x8 S/D Adh Straight Start Collar,1,
10X10-141SDA,10x10 S/D Adh Straight Start Collar,5,
12X10-141SDA,12x10 S/D Adh Straight Start Collar,5,
14X10-141SDA,14x10 S/D Adh Straight Start Collar,5,
16X10-141SDA,16x10 S/D Adh Straight Start Collar,5,
18X10-141SDA,18x10 S/D Adh Straight Start Collar,5,
24X10-141SDA,24x10 S/D Adh Straight Start Collar,1,
20X10-141SDA,20x10 S/D Adh Straight Start Collar,5,
12X12-141SDA,12x12 S/D Adh Straight Start Collar,1,
14X12-141SDA,14x12 S/D Adh Straight Start Collar,1,
16X12-141SDA,16x12 S/D Adh Straight Start Collar,1,
18X12-141SDA,18x12 S/D Adh Straight Start Collar,1,
20X12-141SDA,20x12 S/D Adh Straight Start Collar,1,
24X12-141SDA,24x12 S/D Adh Straight Start Collar,1,
8X8-151SD,8x8 S/D Offset Start Collar,6,
10X8-151SD,10x8 S/D Offset Start Collar,6,
12X8-151SD,12x8 S/D Offset Start Collar,6,
14X8-151SD,14x8 S/D Offset Start Collar,6,
16X8-151SD,16x8 S/D Offset Start Collar,6,
18X8-151SD,18x8 S/D Offset Start Collar,6,
20X8-151SD,20x8 S/D Offset Start Collar,6,
22X8-151SD,22x8 S/D Offset Start Collar,1,
24X8-151SD,24x8 S/D Offset Start Collar,6,
10X10-151SD,10x10 S/D Offset Start Collar,1,
12X10-151SD,12x10 S/D Offset Start Collar,1,
14X10-151SD,14x10 S/D Offset Start Collar,1,
16X10-151SD,16x10 S/D Offset Start Collar,1,
18X10-151SD,18x10 S/D Offset Start Collar,1,
20X10-151SD,20x10 S/D Offset Start Collar,1,
22X10-151SD,22x10 S/D Offset Start Collar,1,
24X10-151SD,24x10 S/D Offset Start Collar,1,
8X8-151SDA,8x8 S/D Adh Offset Start Collar,6,
10X8-151SDA,10x8 S/D Adh Offset Start Collar,6,
12X8-151SDA,12x8 S/D Adh Offset Start Collar,6,
14X8-151SDA,14x8 S/D Adh Offset Start Collar,6,
16X8-151SDA,16x8 S/D Adh Offset Start Collar,6,
18X8-151SDA,18x8 S/D Adh Offset Start Collar,6,
20X8-151SDA,20x8 S/D Adh Offset Start Collar,6,
22X8-151SDA,22x8 S/D Adh Offset Start Collar,1,
24X8-151SDA,24x8 S/D Adh Offset Start Collar,6,
10X10-151SDA,10x10 S/D Adh Offset Start Collar,1,
12X10-151SDA,12x10 S/D Adh Offset Start Collar,1,
14X10-151SDA,14x10 S/D Adh Offset Start Collar,1,
16X10-151SDA,16x10 S/D Adh Offset Start Collar,1,
18X10-151SDA,18x10 S/D Adh Offset Start Collar,1,
20X10-151SDA,20x10 S/D Adh Offset Start Collar,1,
22X10-151SDA,22x10 S/D Adh Offset Start Collar,1,
24X10-151SDA,24x10 S/D Adh Offset Start Collar,1,
4-161,"4"" #161 Top Takeoff",12,
5-161," 5"" #161 Top Takeoff",12,
6-161," 6"" #161 Top Takeoff",20,
7-161," 7"" #161 Top Takeoff",12,
8-161,"8"" #161 Top Takeoff",12,
10-161,"10"" #161 Top Takeoff",1,
12-161,"12"" #161 Top Takeoff",1,
6-161D,"6"" #161D Double Top Takeoff",12,
7-161D,"7"" #161 Double Top Takeoff",1,
8-161D,"8"" #161 Double Top Takeoff",1,
5-161A,"5"" #161A TOP TAKEOFF W\ ADHESIVE",12,
6-161A,"6""  Top Takeoff w/Adhesive",12,
7-161A,"7"" #161A TOP TAKEOFF W\ ADHESIVE",12,
8-161A,"8"" #161A TOP TAKEOFF W\ ADHESIVE",12,
5-161AD,"5"" Top Takeoff w\adhesive & damper",12,
6-161AD,"6"" Top Takeoff w\adhesive & damper",12,
7-161AD,"7"" Top Takeoff w\adhesive & damper",12,
8-161AD,"8"" Top Takeoff w\adhesive & damper",12,
10-161AD,"10"" Top Takeoff w/ Adhesive & Dampe",1,
12-161AD,"12"" Top Takeoff w/ Adhesive & Dampe",1,
5-161FG,"5"" Fiberglass Top TO - 1"" Ductboard",12,
6-161FG,"6"" Fiberglass Top TO - 1"" Ductboard",12,
7-161FG,"7"" Fiberglass Top TO - 1"" Ductboard",12,
8-161FG,"8"" Fiberglass Top TO - 1"" Ductboard",12,
10-161FG,"10"" Fiberglass Top TO - 1"" Ductboar",1,
12-161FG,"12"" Fiberglass Top TO - 1"" Ductboar",1,
5-161FGD,"5"" #161 W/ Extended Throat & Damper",12,
6-161FGD,"6"" #161 W/ Extended Throat & Damper",12,
7-161FGD,"7"" #161 w/ Extended Throat & Damper",12,
8-161FGD,"8"" #161 W/ EXTENDED THROAT & DAMPER",12,
6-161FGE,"6"" FG Top TO - 1"" to 2"" Ductboard",12,
7-161FGE,"7"" FG Top TO - 1"" to 2"" Ductboard",12,
8-161FGE,"8"" FG Top TO - 1"" to 2"" Ductboard",1,
6-161-OLD,"6"" #161 Old Style Top Takeoff",12,
5-161FGE,"5"" FG Top TO - 1"" to 2"" Ductboard",12,
5-161FGDE,"5"" FG Top TO w/damp 1"" to 2"" Ductbd",12,
6-161FGDE,"6"" FG Top TO w/damp 1"" to 2"" Ductbd",12,
7-161FGDE,"7"" FG Top TO w/damp 1"" to 2"" Ductbd",12,
8-161FGDE,"8"" FG Top TO w/damp 1"" to 2"" Ductbd",12,
5-163," 5"" #163 Side Takeoff",12,
6-163,"6"" 90* Angle Side Takeoff",12,
7-163," 7"" #163 Side Takeoff",12,
8-163," 8"" #163 Side Takeoff",12,
10-163,"10"" #163 Side Takeoff",6,
8-163FG,"8"" Sq/Rd Side Takeoff for 1"" to    1 1/2"" Ductboard",1,
6-163A-SQ,"6"" Adhesive Side Takeoff                Square Style",12,
7-163A-SQ,"7"" Adhesive Side Takeoff                Square Style",12,
5-163AD-SQ,"5"" Adhesive Side Takeoff w/ Damper      Square Style",12,
6-163AD-SQ,"6"" Adhesive Side Takeoff w/ Damper      Square Style",12,
7-163AD-SQ,"7"" Adhesive Side Takeoff w/ Damper      Square Style",12,
8-163A-R,"8"" Adhesive Side Takeoff                Rectangular Style",12,
10-163A-R,"10"" Adhesive Side Takeoff               Rectangular Style",12,
12-163A-R,"12"" Adhesive Side Takeoff               Rectangular Style",1,
8-163AD-R,"8"" Adhesive Side Takeoff w/ Damper      Rectangular Style",12,
10-163AD-R,"10"" Adhesive Side Takeoff w/ Damper     Rectangular Style",12,
12-163AD-R,"12"" Adhesive Side Takeoff w/ Damper     Rectangular Style",12,
14-163AD-R,"14"" Adhesive Side Takeoff w/ Damper     Rectangular Style",1,
10X3-176,10x3 1/4 #176 Side Takeoff,1,
12X3-176,12x3 1/4 #176 Side Takeoff,1,
10X3-177,10x3 1/4 #177 Top Takeoff,1,
12X3-177,12x3 1/4 #177 Top Takeoff,1,
4-181," 4"" #181 ADJ. Takeoff",12,
5-181," 5"" #181 ADJ. Takeoff",12,
6-181," 6"" #181 ADJ. Takeoff",12,
7-181," 7"" #181 ADJ. Takeoff",12,
8-181,"8""#181 ADJ. Takeoff",12,
9-181," 9"" #181 ADJ. Takeoff",12,
10-181,"10"" #181 ADJ. Takeoff",12,
12-181,"12"" #181 ADJ. Takeoff",6,
5-181FG,"5"" #181 FIBERGLASS TAKEOFF",1,
6-181FG," 6"" #181FG Adj. Takeoff",12,
7-181FG,"7"" #181FG TAKEOFF DUCTBOARD",12,
8-181FG,"8"" #181FG TAKEOFF DUCTBOARD",12,
10-181FG,"10"" #181 Fiberglass Top Takeoff",12,
6-181-OLD,"6"" #181 Adj. Top Takeoff Old Style",1,
10X8-184,10x8 Trunk Duct Volume Damper,1,
12X8-184,12x8 Trunk Duct Volume Damper,1,
14X8-184,14x8 Trunk Duct Volume Damper,1,
20X8-184,20x8 Trunk Duct Volume Damper,1,
24X8-184,24x8 Trunk Duct Volume Damper,1,
30X8-184,30x8 Trunk Duct Volume Damper,1,
8-185," 8"" #185 Trunk Hanger",250,
8X8-187SETSD,8x8 S/D Set-In Cap,10,
10X8-187SETSD,10x8 S/D Set-In Cap,10,
12X8-187SETSD,12x8 S/D Set-In Cap,10,
14X8-187SETSD,14x8 S/D Set-In Cap,10,
16X8-187SETSD,16x8 S/D Set-In Cap,10,
18X8-187SETSD,18x8 S/D Set-In Cap,10,
20X8-187SETSD,20x8 S/D Set-In Cap,10,
22X8-187SETSD,22x8 S/D Set-In Cap,10,
24X8-187SETSD,24x8 S/D Set-In Cap,10,
26X8-187SETSD,26x8 S/D Set-In Cap,1,
28X8-187SETSD,28x8 S/D Set-In Cap,1,
30X8-187SETSD,30x8 S/D Set-In Cap,1,
32X8-187SETSD,32x8 S/D Set-In Cap,1,
10X10-187SETSD,10x10 S/D Set-In Cap,1,
12X10-187SETSD,12x10 S/D Set-In Cap,10,
14X10-187SETSD,14x10 S/D Set-In Cap,10,
16X10-187SETSD,16x10 S/D Set-In Cap,10,
18X10-187SETSD,18x10 S/D Set-In Cap,10,
20X10-187SETSD,20x10 S/D Set-In Cap,1,
22X10-187SETSD,22x10 S/D Set-In Cap,10,
24X10-187SETSD,24x10 S/D Set-In Cap,10,
25X10-187SETSD,25x10 S/D Set-In Cap,10,
12X12-187SETSD,12x12 S/D Set-In Cap,1,
14X12-187SETSD,14x12 S/D Set-In Cap,10,
16X12-187SETSD,16x12 S/D Set-In Cap,1,
18X12-187SETSD,18x12 S/D Set-In Cap,10,
20X12-187SETSD,20x12 S/D Set-In Cap,1,
22X12-187SETSD,22x12 S/D Set-In Cap,1,
24X12-187SETSD,24x12 S/D Set-In Cap,1,
30X10-187SETSD,30x10 S/D Set-In Cap,1,
20X8-189SD,20x8  Slide/Drive Cold Air Boot,1,
24X8-189SD,24x8 Slide/Drive Cold Air Boot     with 16x25x1 Filter,1,
20X10-189SD,20 X 10 Slide/Drive Cold Air Boot  with 16x20x1 Filter,1,
24X10-189SD,24 X 10 #189 S/D Cold Air Boot     16x25x1 Filter,1,
19X21-189SD,19 7/8X21 7/8 TO 20X8 Spaceguard,1,
19X21X24-189SD,197/8 X 217/8 BY 24X10 Space Guard,1,
16X25-189F,16x25x4 #189F Cold Air Blank Pan   Top Load Entry,5,
20X25-189F,"20 X 25 x 4""  Cold Air Blank Pan",5,
20X10-189K,20x10 #189 Return Air Kit,1,
24X10-189K,24X10 #189 Cold Air Kit,1,
20X8-189K,20x8  #189K Cold Air Boot Pkg.,1,
20X8-189SDK,20x8 #189 Galv. S\D Cold Air Kit,1,
24X8-189SDK,24x8 #189 Galv. S\D Cold Air Kit,1,
20X10-189SDK,20x10 S/D Cold Air Return Kit      Top Load  for a 16x20x1 Filter,1,
24X10-189SDK,24x10 Galv. S/D Cold Air Kit,1,
24X10-189SDK-C,24x10 Cold Air Kit w/ Canvas Connec,1,
19X21-189S,19 7/8 X21 7/8 - 24X8 COLD AIR BOOT,1,
24X8-189SB,24 X8 #189SB Return Air Support BoxSR part #30x28-189SB,1,
25X10-189SB,25X10 189SB RETURN AIR BOX,1,
19X21-189SDS,19 7/8 X 21 7//8 -24X8 Space Guard,1,
24X8-CAB,24x8 Cold Air Boot w/ No Filter    Opening,1,
24X10-CAB,24x10 Cold Air Boot w/ No Filter   Opening,1,
28X14-189VSB,28x14x18 Vertical Support Box,1,
28X21-189VSB,"28x21x18"" Vertical Support Box",1,
28X175-189VSB,"28x17 1/2x18"" Vertical Support Box",1,
28X245-189VSB,"28x24 1/2x18"" Vertical Support Box",1,
189ISB-1,Insulated Support Box 22x18 1/2x15,1,
189ISB-2,Insulated Support Box 22x21 1/4x15,1,
189ISB-3,Insulated Support Box 26x21 1/4x15,1,
20X8-189SDA,20x8 S/D Cold Air Boot w/ Adhesive,1,
24X8-189SDA,24x8 S/D Cold Air Boot w/ Adhesive,1,
20X10-189SDA,20x10 S/D Cold Air Boot w/ Adhesive,1,
24X10-189SDA,24x10 S/D Cold Air Boot w/ Adhesive,1,
2081620-SDA-5,20x8 (16x20x5) S/D CAB w/ Adhesive,1,
2481625-SDA-5,24x8 (16x25x5) S/D CAB w/ Adhesive,1,
2482025-SDA-5,24x8 (20x25x5) S/D CAB w/ Adhesive,1,
20101620-SDA-5,20x10 (16x20x5) S/D CAB w/ Adhesive,1,
24101625-SDA-5,24x10 (16x25x5) S/D CAB w/ Adhesive,1,
24102025-SDA-5,24x10 (20x25x5) S/D CAB w/ Adhesive,1,
2081620-SDKA-5,20x8 (16x20x5) S/D CA Kit w/ Adhsv,1,
2481625-SDKA-5,24x8 (16x25x5) S/D CA Kit w/ Adhsv,1,
2482025-SDKA-5,24x8 (20x25x5) S/D CA Kit w/ Adhsv,1,
20101620-SDKA-5,20x10 (16x20x5) S/D CA Kit w/ Adhsv,1,
24101625-SDKA-5,24x10 (16x25x5) S/D CA Kit w/ Adhsv,1,
24102025-SDKA-5,24x10 (20x25x5) S/D CA Kit w/ Adhes,1,
24101625-SDKAC5,24x10(16x25x5) SD CA Kit w/Adh&Canv,1,
24X12-CABUMA,"24x12 36"" CAB Univ w/Magnet & Adhes",1,
24X8-CABUMA,"24x8 36"" CAB Univ w/Magnet & Adhes",1,
24X10-CABUMA,"24x10 36"" CAB Univ w/Magnet & Adhes",1,
101088-190-12,"10x10 to 8x8 S/D Trunk Red -12""HighLeft/Right on Center Flat Bottom",1,
1088-190-12,"10x8 to 8x8 S/D Trunk Red -12"" High",1,
1010108-190-12,"10x10 to 10x8 S/D Tr Red - 12"" High",1,
1288-190-12,"12x8 to 8x8 S/D Trunk Red - 12""High",1,
12108-190-12,"12x8 to 10x8 S/D Trunk Red- 12""High",1,
121010-190-12,"12x10 to 10x10 S/D Tr Red -12"" High",1,
1210128-190-12,"12x10 to 12x8 S/D Tr Red - 12"" High",1,
12121010-190-12,"12x12 to 10x10 S/D Tr Red -12"" High",1,
1212128-190-12,"12x12 to 12x8 S/D Tr Red - 12"" High",1,
12121210-190-12,"12x12 to 12x10 S/D Tr Red -12"" High",1,
1488-190-12,"14x8 to 8x8 S/D Tr Red - 12"" High",1,
14108-190-12,"14x8 to 10x8 S/D Tr Red - 12"" High",1,
14128-190-12,"14x8 to 12x8 S/D Trunk Red -12""High",1,
141010-190-12,"14x10 to 10x10 S/D Tr Red - 12""High",1,
141210-190-12,"14x10 to 12x10 S/D Tr Red - 12""High",1,
1410148-190-12,"14x10 to 14x8 S/D Tr Red - 12"" High",1,
141212-190-12,"14x12 to 12x12 S/D Tr Red -12"" High",1,
14121410-190-12,"14x12 to 14x10 S/D Tr Red - 12""High",1,
14141212-190-12,"14x14 to 12x12 S/D Tr Red -12"" High",1,
16108-190-12,"16x8 to 10x8 S/D Tr Red - 12"" High",1,
16128-190-12,"16x8 to 12x8 S/D Tr Red - 12"" High",1,
16148-190-12,"16x8 to 14x8 S/D Tr Red - 12"" High",1,
161010-190-12,"16x10 to 10x10 S/D Tr Red -12"" High",1,
161210-190-12,"16x10 to 12x10 S/D Tr Red - 12""High",1,
161410-190-12,"16x10 to 14x10 S/D Tr Red -12"" High",1,
1610168-190-12,"16x10 to 16x8 S/D Tr Red - 12"" High",1,
161212-190-12,"16x12 to 12x12 S/D Tr Red - 12""High",1,
161412-190-12,"16x12 to 14x12 S/D Tr Red -12"" High",1,
1612168-190-12,"16x12 to 16x8 S/D Tr Red - 12"" High",1,
16121610-190-12,"16x12 to 16x10 S/D Tr Red -12"" High",1,
18108-190-12,"18x8 to 10x8 S/D Tr Red - 12"" High",1,
18128-190-12,"18x8 to 12x8 S/D Tr Red - 12"" High",1,
18148-190-12,"18x8 to 14x8 S/D Tr Red - 12"" High",1,
18168-190-12,"18x8 to 16x8 S/D Tr Red - 12"" High",1,
181010-190-12,"18x10 to 10x10 S/D Tr Red -12"" High",1,
181210-190-12,"18x10 to 12x10 S/D Tr Red - 12""High",1,
181410-190-12,"18x10 to 14x10 S/D Tr Red -12"" High",1,
181610-190-12,"18x10 to 16x10 S/D Tr Red -12"" High",1,
1810188-190-12,"18x10 to 18x8 S/D Tr Red - 12"" High",1,
181212-190-12,"18x12 to 12x12 S/D Tr Red - 12""High",1,
181412-190-12,"18x12 to 14x12 S/D Tr Red -12"" High",1,
181612-190-12,"18x12 to 16x12 S/D Tr Red -12"" High",1,
18121810-190-12,"18x12 to 18x10 S/D Tr Red -12"" High",1,
20148-190-12,"20x8 to 14x8 S/D Tr Red - 12"" High",1,
20168-190-12,"20x8 to 16x8 S/D Tr Red - 12"" High",1,
20188-190-12,"20x8 to 18x8 S/D Tr Red - 12"" High",1,
201410-190-12,"20x10 to 14x10 S/D Tr Red -12"" High",1,
201610-190-12,"20x10 to 16x10 S/D Tr Red - 12""High",1,
201810-190-12,"20x10 to 18x10 S/D Tr Red -12"" High",1,
2010208-190-12,"20x10 to 20x8 S/D Tr Red - 12"" High",1,
201412-190-12,"20x12 to 14x12 S/D Tr Red -12"" High",1,
201612-190-12,"20x12 to 16x12 S/D Tr Red -12"" High",1,
201812-190-12,"20x12 to 18x12 S/D Tr Red -12"" High",1,
20122010-190-12,"20x12 to 20x10 S/D Tr Red -12"" High",1,
24168-190-12,"24x8 to 16x8 S/D Tr Red - 12"" High",1,
24188-190-12,"24x8 to 18x8 S/D Tr Red - 12"" High",1,
24208-190-12,"24x8 to 20x8 S/D Tr Red - 12"" High",1,
241610-190-12,"24x10 to 16x10 S/D Tr Red -12"" High",1,
241810-190-12,"24x10 to 18x10 S/D Tr Red -12"" High",1,
242010-190-12,"24x10 to 20x10 S/D Tr Red -12"" High",1,
2410248-190-12,"24x10 to 24x8 S/D Tr Red - 12"" High",1,
241612-190-12,"24x12 to 16x12 S/D Tr Red - 12""High",1,
241812-190-12,"24x12 to 18x12 S/D Tr Red -12"" High",1,
242012-190-12,"24x12 to 20x12 S/D Tr Red -12"" High",1,
2412248-190-12,"24x12 to 24x8 S/D Tr Red - 12"" High",1,
24122410-190-12,"24x12 to 24x10 S/D Tr Red -12"" High",1,
16161414-190-12,"16x16 to 14x14 S/D Trk Red 12"" High",1,
28X24X8-190,28x8 to 24x8 S/D Trunk Reducer,1,
12X10X10X10-190,12x10 to 10x10 S/D Trunk Reducer,1,
14X10X10X10-190,14x10 to 10x10 S/D Trunk Reducer,1,
16X10X10X8-190,16x10 to 10x8 S/D Trunk Reducer,1,
16X10X10X10-190,16x10 to 10x10 S/D Trunk Reducer,1,
16X10X12X10-190,16x10 to 12x10 S/D Trunk Reducer,1,
16X10X14X10-190,16x10 to 14x10 S/D Trunk Reducer,1,
20X10X20X8-190,20x10 to 20x8 S/D Truck Reducer,1,
24X10X16X10-190,24x10 to 16x10 S/D Trunk Reducer,1,
24X10X18X8-190,24x10 to 18x8 S/D Trunk Reducer,1,
24X10X24X8-190,24x10 to 24x8 S/D Trunk Reducer,1,
20X12X20X10-190,20x12 to 20x10 S/D Trunk Reducer,1,
20X12X16X12-190,20x12 to 16x12 S/D Trunk Reducer,1,
10X8X8X8-190,10x8 to 8x8 S/D Trunk Reducer,1,
12X8X8X8-190,12x8 to 8x8 S/D Trunk Reducer,1,
12X8X10X8-190,12x8 to 10x8 S/D Trunk Reducer,1,
16X8X10X8-190,16x8 to 10x8 S/D Trunk Reducer,1,
14X8X12X8-190,14x8 to 12x8 S/D Trunk Reducer,1,
16X8X12X8-190,16x8 to 12x8 S/D Trunk Reducer,1,
18X8X12X8-190,18x8 to 12x8 S/D Trunk Reducer,1,
16X8X14X8-190,16x8 to 14x8 S/D Trunk Reducer,1,
18X8X14X8-190,18x8 to 14x8 S/D Trunk Reducer,1,
20X8X14X8-190,20x8 to 14x8 S/D Trunk Reducer,1,
24X8X14X8-190,24x8 to 14x8 S/D Trunk Reducer,1,
18X8X16X8-190,18x8 to 16x8 S/D Trunk Reducer,1,
20X8X16X8-190,20x8 to 16x8 S/D Trunk Reducer,1,
24X8X16X8-190,24x8 to 16x8 S/D Trunk Reducer,1,
20X8X18X8-190,20x8 to  18x8 S/D Trunk Reducer,1,
24X8X18X8-190,24x8 to 18x8 S/D Trunk Reducer,1,
24X8X20X8-190,24x8 to 20x8 S/D Trunk Reducer,1,
28X8X24X8-190,28x8 to 24x8 S/D Trunk Reducer,1,
30X8X24X8-190,30x8 to 24x8 S/D Trunk Reducer,1,
32X8X28X8-190,32x8 to 28x8 S/D Trunk Reducer,1,
20X10X16X10-190,20x10 to 16x10 S/D Trunk Reducer,1,
22X10X16X10-190,22x10 to 16x10 S/D Trunk Reducer,1,
24X10X18X10-190,24x10 to 18x10 S/D Trunk Reducer,1,
24X10X20X10-190,24x10 to 20x10 S/D Trunk Reducer,1,
16X12X12X12-190,16x12 to 12x12 S/D Trunk Reducer,1,
14X8X10X8-190,14x8 to 10x8 S/D Trunk Reducer,1,
6-191,"6"" #191 PIVOT ADJ TAKEOFF",12,
2-200SD,"2"" S/D Trunk Reducer for 8"" Trunk",12,
4-200SD,"4"" S/D Trunk Reducer for 8"" Trunk",12,
6-200SD,"6"" S/D Trunk Reducer for 8"" Trunk",12,
8-200SD,"8"" S/D Trunk Reducer for 8"" Trunk",12,
2X10-200SD,"2"" S/D Trunk Reducer for 10"" Trunk",12,
4X10-200SD,"4"" S/D Trunk Reducer for 10"" Trunk",12,
6X10-200SD,"6"" S/D Trunk Reducer for 10"" Trunk",12,
8X10-200SD,"8"" S/D Trunk Reducer for 10"" Trunk",12,
2X12-200SD,"2"" S/D Trunk Reducer for 12"" Trunk",12,
4X12-200SD,"4"" S/D Trunk Reducer for 12"" Trunk",12,
6X12-200SD,"6"" S/D Trunk Reducer for 12"" Trunk",1,
8X12-200SD,"8"" S/D Trunk Reducer for 12"" Trunk",1,
5-201,"5"" #201 Rd to Rd Takeoff",12,
6-201,6-201 Rd to Rd takeoff,12,
7-201,"7"" #201  Rd to Rd Take Off",12,
4-26-300A,"4"" 26ga 12"" Galv Pipe",12,
5-26-300A,"5"" 26ga 12"" Galv Pipe",12,
6-26-300A,"6"" 26ga 12"" Galv Pipe",12,
7-26-300A,"7"" 26ga 12"" Galv Pipe",12,
8-26-300A,"8"" 26ga 12"" Galv Pipe",12,
10-26-300A,"10"" 26ga 12"" Galv Pipe",12,
12-26-300A,"12"" 26ga 12"" Galv Pipe",12,
4-24-300,"4"" 24ga 24"" Galv Pipe",10,
5-24-300,"5"" 24ga 24"" Galv Pipe",10,
6-24-300,"6"" 24ga 24"" Galv Pipe",10,
7-24-300,"7"" 24ga 24"" Galv Pipe",10,
8-24-300,"8"" 24ga 24"" Galv Pipe",10,
9-24-300,"9"" 24ga 24"" Galv Pipe",10,
10-24-300,"10"" 24ga 24"" Galv Pipe",5,
12-24-300,"12"" 24ga 24"" Galv Pipe",5,
14-24-300,"14"" 24ga 24"" Galv Pipe",5,
16-24-300,"16"" 24ga 24"" Galv Pipe",5,
20-24-300,"20"" 24ga 24"" Galv Pipe",5,
22-24-300,"22"" 24ga 24"" Galv Pipe",1,
24-24-300,"24"" 24ga 24"" Galv Pipe",1,
3-26-300,"3"" 26ga 24"" Galv Pipe",10,
4-26-300,"4"" 26ga 24"" Galv Pipe",10,
5-26-300,"5"" 26ga 24"" Galv Pipe",10,
6-26-300,"6"" 26ga 24"" Galv Pipe",10,
7-26-300,"7"" 26ga 24"" Galv Pipe",10,
8-26-300,"8"" 26ga 24"" Galv Pipe",10,
9-26-300,"9"" 26ga 24"" Galv Pipe",10,
10-26-300,"10"" 26ga 24"" Galv Pipe",5,
12-26-300,"12"" 26ga 24"" Galv Pipe",5,
14-26-300,"14"" 26ga 24"" Galv Pipe",5,
16-26-300,"16"" 26ga 24"" Galv Pipe",5,
18-26-300,"18"" 26ga 24"" Galv Pipe",5,
20-26-300,"20"" 26ga 24"" Galv Pipe",5,
3-30-300,"3"" 30ga 24"" Galv Pipe",10,
4-30-300,"4"" 30ga 24"" Galv Pipe",10,
5-30-300,"5"" 30ga 24"" Galv Pipe",10,
6-30-300,"6"" 30ga 24"" Galv Pipe",10,
7-30-300,"7"" 30ga 24"" Galv Pipe",10,
8-30-300,"8"" 30ga 24"" Galv Pipe",10,
9-30-300,"9"" 30ga 24"" Galv Pipe",10,
10-30-300,"10"" 30ga 24"" Galv Pipe",5,
12-30-300,"12"" 30ga 24"" Galv Pipe",5,
6-24-301,"6"" 24ga 60"" Galv Pipe",5,
3-26-301,"3"" 26ga 60"" Galv Pipe",5,
4-26-301,"4"" 26ga 60"" Galv Pipe",10,
5-26-301,"5"" 26ga 60"" Galv Pipe",10,
6-26-301,"6"" 26ga 60"" Galv Pipe",10,
7-26-301,"7"" 26ga 60"" Galv Pipe",10,
8-26-301,"8"" 26ga 60"" Galv Pipe",5,
9-26-301,"9"" 26ga 60"" Galv Pipe",5,
10-26-301,"10"" 26ga 60"" Galv Pipe",5,
12-26-301,"12"" 26ga 60"" Galv Pipe",5,
14-26-301,"14"" 26ga 60"" Galv Pipe",5,
16-26-301,"16"" 26ga 60"" Galv Pipe",5,
18-26-301,"18"" 26ga 60"" Galv Pipe",5,
4-26-301UBR,"4"" x 60"" 26ga Galvanized Pipe      Unboxed & Racked 540 per",540,
5-26-301UBR,"5"" x 60""  26ga Galvanized Pipe     Unboxed & Racked 420 per",420,
6-26-301UBR,"6"" x 60""  26ga Galvanized Pipe     Unboxed & Racked  300 per",300,
7-26-301UBR,"7"" x 60'  30ga Galvaninzed Pipe    Unboxed & Racked  260 Per",260,
8-26-301UBR,"8"" x 60""  30ga  Galvanized Pipe    Unboxed & Racked  125 per",125,
3-30-301,"3"" 30ga 60"" Galv Pipe",5,
4-30-301,"4"" 30ga 60"" Galv Pipe",10,
5-30-301,"5"" 30ga 60"" Galv Pipe",10,
6-30-301,"6"" 30ga 60"" Galv Pipe",10,
7-30-301,"7"" 30ga 60"" Galv Pipe",10,
8-30-301,"8"" 30ga 60"" Galv Pipe",5,
9-30-301,"9"" 30ga 60"" Galv Pipe",5,
10-30-301,"10"" 30ga 60"" Galv Pipe",5,
12-30-301,"12"" 30ga 60"" Galv Pipe",5,
3-30-301UBR,"3"" x 60""  30ga Galvanized Pipe     Unboxed & Racked  600 per",600,
4-30-301UBR,"4"" x 60""  30ga Galvanized Pipe     Unboxed & Racked  540 per",540,
5-30-301UBR,"5"" x 60""  30ga Galvanized Pipe     Unboxed & Racked  420 per",420,
6-30-301UBR,"6"" x 60""  30ga Galvanized Pipe     Unboxed & Racked  300 per",300,
7-30-301UBR,"7"" x 60""  30ga Galvanized Pipe     Unboxed & Racked  260 per",260,
8-30-301UBR,"8"" x 60""  30ga  Galvanized Pipe    Unboxed & Racked  125 per",125,
3-30-301120,"3"" 30ga 120"" Galv Pipe",1,
4-30-301120,"4"" 30ga 120"" Galv Pipe",5,
5-30-301120,"5"" 30ga 120"" Galv Pipe",5,
6-30-301120,"6"" 30ga 120"" Galv Pipe",5,
7-30-301120,"7"" 30ga 120"" Galv Pipe",5,
8-30-301120,"8"" 30ga 120"" Galv Pipe",5,
4-30-301120-350,"4"" x 10' 30ga Unboxed & Racked Pipe350 Per",350,
3-30-301120-150,"3"" x 10' 30ga Unboxed & Racked Pipe150 Per",150,
5-30-301120-250,"5"" x 10' 30ga Unboxed & Racked Pipe 250 Per",250,
6-30-301120-200,"6"" x 10' 30ga Unboxed & Racked Pipe200 Per",200,
7-30-301120-175,"7"" x 10' 30ga Unboxed & Racked Pipe175 Per",175,
8-30-301120-145,"8"" x 10' 30ga Unboxed & Racked Pipe145 Per",145,
4-24-302,"4"" 24ga Galv 90* Adj Elbow",12,
5-24-302,"5"" 24ga Galv 90* Adj Elbow",12,
6-24-302,"6"" 24ga Galv 90* Adj Elbow",12,
7-24-302,"7"" 24ga Galv 90* Adj Elbow",12,
8-24-302,"8"" 24ga Galv 90* Adj Elbow",12,
9-24-302,"9"" 24ga Galv 90* Adj Elbow",12,
10-24-302,"10"" 24ga Galv 90* Adj Elbow",4,
12-24-302,"12"" 24ga Galv 90* Adj Elbow",4,
14-24-302,"14"" 24ga Galv 90* Adj Elbow",4,
16-24-302,"16"" 24ga Galv 90* Adj Elbow",1,
18-24-302,"18"" 24ga Galv 90* Adj Elbow",1,
20-24-302,"20"" 24ga Galv 90* Adj Elbow",1,
24-24-302,"24"" 24ga Galv 90* Adj Elbow",1,
3-26-302,"3"" 26ga Galv 90* Adj Elbow",12,
4-26-302,"4"" 26ga Galv 90* Adj Elbow",12,
5-26-302,"5"" 26ga Galv 90* Adj Elbow",12,
6-26-302,"6"" 26ga Galv 90* Adj Elbow",12,
7-26-302,"7"" 26ga Galv 90* Adj Elbow",12,
8-26-302,"8"" 26ga Galv 90* Adj Elbow",12,
9-26-302,"9"" 26ga Galv 90* Adj Elbow",12,
10-26-302,"10"" 26ga Galv 90* Adj Elbow",4,
12-26-302,"12"" 26ga Galv 90* Adj Elbow",4,
14-26-302,"14"" 26ga Galv 90* Adj Elbow",4,
16-26-302,"16"" 26ga Galv 90* Adj Elbow",1,
18-26-302,"18"" 26ga Galv 90* Adj Elbow",1,
20-26-302,"20"" 26ga Galv 90* Adj Elbow",1,
3-30-302,"3"" 30ga Galv 90* Adj Elbow",12,
4-30-302,"4"" 30ga Galv 90* Adj Elbow",12,
5-30-302,"5"" 30ga Galv 90* Adj Elbow",12,
6-30-302,"6"" 30ga Galv 90* Adj Elbow",12,
7-30-302,"7"" 30ga Galv 90* Adj Elbow",12,
8-30-302,"8"" 30ga Galv 90* Adj Elbow",12,
9-30-302,"9"" 30ga Galv 90* Adj Elbow",12,
10-30-302,"10"" 30ga Galv 90* Adj Elbow",4,
12-30-302,"12"" 30ga Galv 90* Adj Elbow",4,
6-302DB,"6"" 90* Galv Ductboard Takeoff",12,
6-302DBD,"6"" 90* Galv Ductbrd Takeoff w/Dampr",12,
14-24-303,"14"" Galv 24ga 45* Adj Angle",1,
18-24-303,"18"" Galv 24ga 45* Adj Angle",1,
20-24-303,"20"" Galv 24ga 45* Adj Angle",1,
4-26-303,"4"" Galv 26ga 45* Adj Angle",8,
5-26-303,"5"" Galv 26ga 45* Adj Angle",8,
6-26-303,"6"" Galv 26ga 45* Adj Angle",8,
7-26-303,"7"" Galv 26ga 45* Adj Angle",8,
8-26-303,"8"" Galv 26ga 45* Adj Angle",8,
10-26-303,"10"" Galv 26ga 45* Adj Angle",8,
12-26-303,"12"" Galv 26ga 45* Adj Angle",8,
14-26-303,"14"" Galv 26ga 45* Adj Angle",1,
16-26-303,"16"" Galv 26ga 45* Adj Angle",1,
6-30-303,"6"" Galv 30ga 45* Adj Angle",8,
7-30-303,"7"" Galv 30ga 45* Adj Angle",8,
8-30-303,"8"" Galv 30ga 45* Adj Angle",8,
10-30-303,"10"" Galv 30ga 45* Adj Angle",8,
12-30-303,"12"" Galv 30ga 45* Adj Angle",8,
3-304-EZ,3x3x3  26ga Galv Easy Flo Tee,12,
4-304-EZ,4x4x4  26ga Galv Easy Flo Tee,12,
5-304-EZ,5x5x5  26ga Galv Easy Flo Tee,12,
6-304-EZ,6x6x6  26ga Galv Easy Flo Tee,12,
7-304-EZ,7x7x7  26ga Galv Easy Flo Tee,10,
8-304-EZ,8x8x8  26ga Galv Easy Flo Tee,10,
9-304-EZ,9x9x9 26ga Galv Easy Flo Tee,2,
10-304-EZ,10x10x10 26ga Galv Easy Flo Tee,2,
12-304-EZ,12x12x12 26ga Galv Easy Flo Tee,2,
14-304-EZ,14x14x14 26ga Galv Easy Flo Tee,1,
16-304-EZ,16x16x16 26ga Galv Easy Flo Tee,1,
18-304-EZ,18x18x18 26ga Galv Easy Flo Tee,1,
20-304-EZ,20x20x20 26ga Galv Easy Flo Tee,1,
4-304-15,"4"" Galv Pipe Style Tee - 15"" High",12,
5-304-15,"5"" Galv Pipe Style Tee - 15"" High",12,
6-304-15,"6"" Galv Pipe Style Tee - 15"" High",12,
7-304-15,"7"" Galv Pipe Style Tee - 15"" High",10,
8-304-15,"8"" Galv Pipe Style Tee - 15"" High",10,
9-304-15,"9"" Galv Pipe Style Tee - 15"" High",2,
10-304-15,"10"" Galv Pipe Style Tee - 15"" High",2,
4-304-18,"4"" Galv Pipe Style Tee - 18"" High",12,
5-304-18,"5"" Galv Pipe Style Tee - 18"" High",12,
6-304-18,"6"" Galv Pipe Style Tee - 18"" High",12,
7-304-18,"7"" Galv Pipe Style Tee - 18"" High",10,
8-304-18,"8"" Galv Pipe Style Tee - 18"" High",10,
12-304-18,"12"" Galv Pipe Style Tee - 18"" High",2,
14-304-18,"14"" #304  18"" Galv Tee - Pipe Style",1,
4-304-24,"4"" Galv Pipe Style Tee - 24"" High",12,
5-304-24,"5"" Galv Pipe Style Tee - 24"" High",12,
6-304-24,"6"" Galv Pipe Style Tee - 24"" High",6,
7-304-24,"7"" Galv Pipe Style Tee - 24"" High",10,
8-304-24,"8"" Galv Pipe Style Tee - 24"" High",10,
9-304-24,"9"" Galv Pipe Style Tee - 24"" High",2,
10-304-24,"10"" Galv Pipe Style Tee - 24"" High",2,
12-304-24,"12"" Galv Pipe Style Tee - 24"" High",2,
14-304-24,"14"" Galv Pipe Style Tee - 24"" High",1,
5-24-304,5x5x5   #304 24Ga Galv. Tee,12,
10-24-304,10x10x10 Easy Flow 24GA Galv. Tee,1,
12-24-304,12x12x12 #304 24GA Galv. Tee,1,
20-24-304,"20""  Galvanized Tee  24ga",1,
5-304-12,"5"" Galv Pipe Style Tee - 12"" High",12,
6-304-12,"6"" Galv Pipe Style Tee - 12"" High",12,
7-304-12,"7"" Galv Pipe Style Tee - 12"" High",10,
4X4X3-305,4x4x3 Easy Flow Reducing Tee,12,
5X5X3-305,5x5x3 Easy Flow Reducing Tee,12,
6X6X3-305,6x6x3 Easy Flow Reducing Tee,12,
4X4X3-306,4x4x3 Tapered Flue Wye,12,
4X4X4-306,4x4x4 Tapered Flue Wye,12,
5X3X3-306,5x3x3 Tapered Flue Wye,1,
5X4X3-306,5x4x3 Tapered Flue Wye,12,
5X4X4-306,5x4x4 Tapered Flue Wye,12,
5X5X3-306,5x5x3 Tapered Flue Wye,12,
5X5X4-306,5x5x4 Tapered Flue Wye,12,
5X5X5-306,5x5x5 Easy Flow Style Tapered      Flue Wye,12,
6X4X3-306,6x4x3 Tapered Flue Wye,12,
6X4X4-306,6x4x4 Tapered Flue Wye,12,
6X5X3-306,6x5x3 Tapered Flue Wye,12,
6X5X4-306,6x5x4 Tapered Flue Wye,12,
6X6X3-306,6x6x3 Tapered Flue Wye,12,
6X6X4-306,6x6x4 Tapered Flue Wye,12,
6X6X6-306,6x6x6 Tapered Flue Wye,6,
7X5X4-306,7x5x4 Tapered Flue Wye,12,
7X6X3-306,7x6x3 Tapered Flue Wye,1,
7X7X7-306,7x7x7 Tapered Flue Wye,1,
8X8X6-306,8x8x6 Tapered Flue Wye,1,
8X8X8-306,8x8x8 Tapered Flue Wye,1,
4X4X4-306ST,"4x4x4 Tapered Flue Wye 24"" Pipe    Style",12,
5X5X5-306ST,"5x5x5 Tapered Flue Wye 24"" Pipe    Style",1,
6X6X6-306ST,"6x6x6 Tapered Flue Wye 24"" Pipe    Style",6,
7X7X7-306ST,"7x7x7 Tapered Flue Wye 24"" Pipe    Style",6,
8X8X8-306ST,"8x8x8 Tapered Flue Wye 24"" Pipe    Style",12,
10X10X10-306ST,"10x10x10 Flue Wye - Pipe Style 24""",1,
12X12X12-306ST,"12x12x12 Tapered Flue Wye 24"" Pipe      Style",1,
14X14X14-306ST,"14x14x14 Tapered Flue Wye 24"" Pipe      Style",1,
4X4X4-307,4x4x4 Wye Branch,1,
5X5X5-307,5X5X5 Wye Branch,1,
6X4X4-307,6x4x4 Wye Branch,12,
6X6X6-307,6x6x6 Wye Branch,12,
7X5X5-307,7x5x5 Wye Branch,1,
7X7X7-307,7x7x7 Wye Branch,1,
8X6X6-307,8x6x6 Wye Branch,12,
8X8X8-307,8X8X8 Wye Branch,1,
10X7X7-307,10x7x7 Wye Branch,1,
10X8X8-307,10x8x8 Wye Branch,12,
10X10X10-307,10x10x10 Wye Branch,1,
12X10X10-307,12x10x10 Wye Branch,1,
12X12X12-307,12x12x12 Wye Branch,1,
14X12X12-307,14x12x12 Wye Branch,1,
12X4X6-308,"12 x 4 x 6"" Perimeter Tee",1,
3-309,"3"" Galv Cap w/ crimp",12,
4-309,"4"" Galv Cap  w/crimp",12,
5-309,"5"" Galv Cap w/ crimp",12,
6-309,"6"" Galv Cap w/ Crimp",12,
7-309,"7"" Galv Cap w/ Crimp",12,
8-309,"8"" Galv Cap w/ Crimp",12,
9-309,"9"" Galv Cap w/ crimp",12,
10-309,"10"" Galv Cap w/ crimp",12,
12-309,"12"" Galv Cap w/ crimp",12,
14-309,"14"" Galv Cap w/ crimp",12,
16-309,"16"" Galv Cap w/ crimp",12,
18-309,"18"" Galv cap w/ crimp",12,
20-309,"20"" Galv Cap w/ crimp",1,
3-310,"3"" Galv Cap w/o crimp",12,
4-310,"4"" Galv Cap w/o crimp",12,
5-310,"5"" Galv Cap w/o crimp",12,
6-310,"6"" Galv Cap w/o crimp",12,
7-310,"7"" Galv Cap w/o Crimp",12,
8-310,"8"" Galv Cap w/o crimp",12,
9-310,"9"" Galv Cap w/o crimp",12,
10-310,"10"" Galv Cap w/o crimp",12,
12-310,"12"" Galv Cap w/o crimp",12,
14-310,"14"" Galv Cap w/o crimp",12,
16-310,"16"" Galv Cap w/o crimp",12,
18-310,"18"" Galv Cap w/o crimp",12,
20-310,"20"" Galv Cap w/o crimp",1,
24-310,"24"" Galv Cap w/o crimp",1,
5-310H,"5"" Galv Cap w/ Handle - No Crimp",12,
6-310H,"6"" Galv Cap w/ Handle - No Crimp",12,
7-310H,"7"" Galv Cap w/ Handle - No Crimp",12,
8-310H,"8"" Galv Cap w/ Handle - No Crimp",12,
10-310H,"10"" Galv Cap w/ Handle - No Crimp",12,
12-310H,"12"" Galv Cap w/ Handle - No Crimp",12,
14-310H,"14"" Galv Cap w/ Handle - No Crimp",12,
4X3-311P,4x3 Galvanized Plain Reducer,12,
5X3-311P,5x3 Galvanized Plain Reducer,12,
5X4-311P,5x4 Galvanized Plain Reducer,12,
6X3-311P,6x3 Galvanized Plain Reducer,12,
6X4-311P,6x4 Galvanized Plain Reducer,12,
6X5-311P,6x5 Galvanized Plain Reducer,12,
7X3-311P,7x3 Galvanized Plain Reducer,1,
7X4-311P,7x4 Galvanized Plain Reducer,12,
7X5-311P,7x5 Galvanized Plain Reducer,12,
7X6-311P,7x6 Galvanized Plain Reducer,12,
8X4-311P,8x4 Galvanized Plain Reducer,12,
8X5-311P,8x5 Galvanized Plain Reducer,12,
8X6-311P,8x6 Galvanized Plain Reducer,12,
8X7-311P,8x7 Galvanized Plain Reducer,12,
9X6-311P,9x6 Galvanized Plain Reducer,12,
9X7-311P,9x7 Galvanized Plain Reducer,12,
9X8-311P,9x8 Galvanized Plain Reducer,12,
10X5-311P,10x5 Galvanized Plain Reducer,1,
10X6-311P,10x6 Galvanized Plain Reducer,12,
10X7-311P,10x7 Galvanized Plain Reducer,12,
10X8-311P,10x8 Galvanized Plain Reducer,12,
10X9-311P,10x9 Galvanized Plain Reducer,12,
12X6-311P,12x6 Galvanized Plain Reducer,12,
12X7-311P,12x7 Galvanized Plain Reducer,1,
12X8-311P,12x8 Galvanized Plain Reducer,12,
12X9-311P,12x9 Galvanized Plain Reducer,1,
12X10-311P,12x10 Galvanized Plain Reducer,12,
14X8-311P,14x8 Galvanized Plain Reducer,6,
14X10-311P,14x10 Galvanized Plain Reducer,6,
14X12-311P,14x12 Galvanized Plain Reducer,6,
16X10-311P,16x10 Galvanized Plain Reducer,6,
16X12-311P,16x12 Galvanized Plain Reducer,6,
16X14-311P,16x14 Galvanized Plain Reducer,6,
18X12-311P,18x12 Galvanized Plain Reducer,1,
18X14-311P,18x14 Galvanized Plain Reducer,1,
18X16-311P,18x16 Galvanized Plain Reducer,1,
20X10-311P,20x10 Galvanized Plain Reducer,1,
20X14-311P,20x14 Galvanized Plain Reducer,1,
20X16-311P,20x16 Galvanized Plain Reducer,1,
20X18-311P,20x18 Galvanized Plain Reducer,1,
4-313FGD,"4"" Galv Clr 6"" Long w/crimp & dampr",18,
5-313FGD,"5"" Galv Clr 6"" Long w/crimp & dampr",18,
6-313FGD,"6"" Galv Clr 6"" Long w/crimp & dampr",18,
7-313FGD,"7"" Galv Clr 6"" Long w/crimp & dampr",18,
8-313FGD,"8"" Galv Clr 6"" Long w/crimp & dampr",16,
10-313FGD,"10"" Galv Clr 6"" Long w/crimp & damp",16,
12-313FGD,"12"" Galv Clr 6"" Long w/crimp & damp",16,
14-313FGD,"14"" Galv Clr 6"" Long w/crimp & damp",12,
3-313LE,"3"" Galv Collar w/o crimp",12,
4-313LE,"4"" Galv Collar w/o crimp",24,
5-313LE,"5"" Galv Collar w/o crimp",50,
6-313LE,"6"" Galv Collar w/o crimp",50,
7-313LE,"7"" Galv Collar w/o crimp",35,
8-313LE,"8"" Galv Collar w/o crimp",30,
9-313LE,"9"" Galv Collar w/o crimp",24,
10-313LE,"10"" Galv Collar w/o crimp",24,
12-313LE,"12"" Galv Collar w/o crimp",24,
14-313LE,"14"" Galv Collar w/o crimp",20,
16-313LE,"16"" Galv Collar w/o crimp",20,
24-313LE,"24"" Galv Collar w/o crimp",1,
3-313SE,"3"" Galv Collar w/ crimp",12,
4-313SE,"4"" Galv Collar w/ crimp",24,
5-313SE,"5"" Galv Collar w/ crimp",50,
6-313SE,"6"" Galv Collar w/ crimp",50,
7-313SE,"7"" Galv Collar w/ crimp",35,
8-313SE,"8"" Galv Collar w/ crimp",30,
9-313SE,"9"" Galv Collar w/ crimp",24,
10-313SE,"10"" Galv Collar w/ crimp",24,
12-313SE,"12"" Galv Collar w/ crimp",24,
14-313SE,"14"" Galv Collar w/ crimp",20,
16-313SE,"16"" Galv Collar w/ crimp",20,
18-313SE,"18"" Galv Collar w/ crimp",15,
20-313SE,"20"" Galv Collar w/ crimp",1,
24-313SE,"24"" Galv Collar w/ crimp",1,
4-313FGH,"4"" Galv Collar 6"" Long w/ Crimp         and Holes",18,
5-313FGH,"5"" Galv Collar 6"" Long w/ Crimp         and Holes",18,
6-313FGH,"6"" Galv Collar 6"" Long w/ Crimp         and Holes",18,
7-313FGH,"7"" Galv Collar 6"" Long w/ Crimp         and Holes",18,
8-313FGH,"8"" Galv Collar 6"" Long w/ Crimp         and Holes",16,
9-313FGH,"9"" Galv Collar 6"" Long w/ Crimp         and Holes",12,
10-313FGH,"10"" Galv Collar 6"" Long w/ Crimp        and Holes",16,
12-313FGH,"12"" Galv Collar 6"" Long w/ Crimp        and Holes",16,
14-313FGH,"14"" Galv Collar 6"" Long w/ Crimp        and Holes",12,
16-313FGH,"16"" Galv Collar 6"" Long w/ Crimp        and Holes",10,
18-313FGH,"18"" Galv Collar 6"" Long w/ Crimp        and Holes",8,
20-313FGH,"20"" Galv Collar 6"" Long w/ Crimp        and Holes",6,
6-314D,"6"" Rnd Damper w/ Double Quad and        Handle",100,
7-314D,"7"" Rnd Damper w/ Double Quad and        Handle",25,
8-314D,"8"" Rnd Damper w/ Double Quad and        Handle",25,
9-314D,"9"" Rnd Damper w/ Double Quad and        Handle",1,
10-314D,"10"" Rnd Damper w/ Double Quad and       Handle",25,
12-314D,"12"" Rnd Damper w/ Double Quad and       Handle",25,
14-314D,"14"" Rnd Damper w/ Double Quad and       Handle",1,
16-314D,"16"" Rnd Damper w/ Double Quad and       Handle",1,
4-314S,"4"" Rnd Damper w/ Single Quad and        Handle",1,
5-314S,"5"" Rnd Damper w/ Single Quad and        Handle",1,
6-314S,"6"" Rnd Damper w/ Single Quad and        Handle",100,
8-314S,"8"" Rnd Damper w/ Single Quad and        Handle",25,
6X6-315,"6"" x 6"" #315 Galv. Chim/Thimb.",18,
6X8-315,"6"" x 8"" #315 Galv. Chim/Thimb.",12,
7X8-315,"7"" x 8"" #315 Galv. Chim/Thimb.",12,
8X8-315,"8"" x 8"" #315 Galv. Chim/Thimb.",12,
4-316,"4"" Galv Drawband",12,
5-316,"5"" Galv Drawband",12,
6-316,"6"" Galv Drawband",12,
7-316,"7"" Galv Drawband",12,
8-316,"8"" Galv Drawband",12,
10-316,"10"" Galv Drawband",12,
12-316,"12"" Galv Drawband",1,
6X10X6-317,"10x6   6"" #317 Galv. Blank Pan",1,
6X10X11-317,"10x6  11"" #317 Galv. Blank Pan",1,
6X12X6-317,"12x6   6"" #317 Galv. Blank Pan",1,
6X12X11-317,"12x6  11"" #317 Galv. Blank Pan",1,
6X14X6-317,"14x6   6"" #317 Galv. Blank Pan",1,
6X14X11-317,"14x6  11"" #317 Galv. Blank Pan",1,
8X8X11-317," 8x8  11"" #317 Blank Pan",1,
8X10X6-317,"10x8   6"" #317 Galv. Blank Pan",1,
8X10X11-317,"10x8  11"" #317 Galv. Blank Pan",1,
8X12X6-317,"12x8   6"" #317 Galv. Blank Pan",1,
8X12X11-317,"12x8  11"" #317 Galv. Blank Pan",1,
8X14X6-317,"14x8   6"" #317 Galv. Blank Pan",1,
8X14X11-317,"14x8  11"" #317 Galv. Blank Pan",1,
9X12X6-317,"12x9   6"" #317 Galv. Blank Pan",1,
10X12X6-317,"12x10  6"" #317 Galv. Blank Pan",1,
10X12X11-317,"12x10 11"" #317 Galv. Blank Pan",1,
12X14X6-317,"14x12  6"" #317 Galv. Blank Pan",1,
12X14X11-317,"14x12 11"" #317 Galv. Blank Pan",1,
125X125X35-317R,12 1/2 x 12 1/2 x 3 1/2 Return Pan,1,
145X145X35-317R,14 1/2 x 14 1/2 x 3 1/2 Return Pan,1,
165X165X35-317R,16 1/2 x 16 1/2 x 3 1/2 Return Pan,1,
205X205X35-317R,20 1/2 x 20 1/2 x 3 1/2 Return Pan,1,
12X12X35-317RP,12x12x3 1/2 Return Pan,6,
14X14X35-317RP,14x14x3 1/2 Return Pan,6,
16X16X35-317RP,16x16x3 1/2 Return Pan,6,
20X20X35-317RP,20x20x3 1/2 Return Pan,6,
24X12X35-317RP,24x12x3 1/2 Return Pan,1,
24X24X35-317RP,24x24x3 1/2 Return Pan,1,
30X16X35-317RP,30x16x3 1/2 Return Pan,1,
6X10X6-318,6 x 10 x 6 Funnel-Pan,12,
6X10X7-318,6 x 10 x 7 Funnel-Pan,12,
6X10X8-318,6 x 10 x 8 Funnel-Pan,12,
6X12X6-318,6 x 12 x 6 Funnel-Pan,12,
6X12X7-318,6 x 12 x 7 Funnel-Pan,12,
6X12X8-318,6 x 12 x 8 Funnel-Pan,12,
6X14X6-318,6 x 14 x 6 Funnel-Pan,1,
6X14X8-318,6 x 14 x 8 Funnel-Pan,12,
8X10X6-318,8 x 10 x 6 Funnel-Pan,12,
8X10X7-318,8 x 10 x 7 Funnel-Pan,12,
8X10X8-318,8 x 10 x 8 Funnel-Pan,12,
8X12X6-318,8 x 12 x 6 Funnel-Pan,12,
8X12X7-318,8 x 12 x 7 Funnel-Pan,12,
8X12X8-318,8 x 12 x 8 Funnel-Pan,12,
8X14X8-318,8 x 14 x 8 Funnel-Pan,1,
6X6X12-319,6x6x12 Square Diffuser Box,1,
8X8X12-319,8x8x12 Square Diffuser Box,1,
10X10X12-319,10x10x12 Square Diffuser Box,1,
12X12X12-319,12x12x12 Square Diffuser Box,1,
6X6X5-320,6x6x5    #320 Rd/Sq Diff Box,12,
6X6X6-320,6x6x6    #320 Rd/Sq Diff Box,12,
8X8X6-320,8x8x6    #320 Rd/Sq Diff Box,12,
8X8X7-320,8x8x7    #320 Rd/Sq Diff Box,12,
8X8X8-320,8x8x8    #320 Rd/Sq Diff Box,12,
10X6X4-320,10x6x4 Round to Square Diffuser Box,12,
10X6X5-320,10x6x5 Round to Square Diffuser Box,12,
10X6X6-320,10x6x6 Round to Square Diffuser Box,12,
10X6X7-320,10x6x7 Round to Square Diffuser Box,12,
12X6X6-320,12x6x6 Round to Square Diffuser Box,12,
12X6X7-320,12x6x7 Round to Square Diffuser Box,12,
12X6X8-320,12x6x8 Round to Square Diffuser Box,12,
10X10X7-320,10x10x7  #320 Rd/Sq Diff Box,12,
10X10X8-320,10x10x8  #320 Rd/Sq Diff Box,12,
10X10X10-320,10x10x10 #320 Rd/Sq Diff Box,6,
12X12X8-320,12x12x8  #320 Rd/Sq Diff Box,6,
12X12X10-320,12x12x10 #320 Rd/SQ Diff Box,6,
12X12X12-320,12X12x12 #320 Rd/Sq Diff Box,6,
14X14X12-320,14x14x12 #320 Rd/Sq Diff Box,6,
14X14X14-320,14x14x14 #320 Rd/Sq Diff Box,6,
6X6X4-320S,6x6x4 #320 Side Outlet Box,12,
6X6X5-320S,6x6x5    #320S Side Outlet Box,12,
6X6X6-320S,6x6x6    #320S Side Outlet Box,12,
8X8X5-320S,8X8X5 #320S SIDE OUTLET BOX,12,
8X8X6-320S,8x8x6    #320S Side Outlet Box,12,
8X8X7-320S,8x8x7    #320S Side Outlet Box,12,
8X8X8-320S,8x8x8    #320S Side Outlet Box,12,
10X10X6-320S,10X10X6 #320 Side Outlet Box,12,
10X10X7-320S,10X10X7 #320S Side Outlet Box,1,
10X10X8-320S,10x10x8 #320S Side Outlet Box,12,
10X10X10-320S,10x10x10 #320S Side Outlet Box,1,
12X12X6-320S,"12x12x6"" #320S  Side Outlet Box",6,
12X12X7-320S,12X12X7-#320 Side Outlet Box,1,
12X12X8-320S,12X12X8  #320S Side Outlet Box,6,
12X12X10-320S,12X12X10 #320 Side Outlet Diffuser,6,
12X12X12-320S,12x12x12 #320S Side Outlet Box,6,
6X6X4-320T,6X6X4 #320T Top Diffuser Box,12,
6X6X5-320T,6X6X5 #320 TOP DIFFUSER BOX,12,
6X6X6-320T,6X6X6 #320 Top Diffuser Box,12,
8X8X5-320T,8 x 8 x 5 #320T Top Diffuser Box,12,
8X8X6-320T,8 X 8 X 6 #320T Top Ceiling Box,12,
8X8X7-320T,8X8X7    #320T Top Outlet Diff Box,12,
8X8X8-320T,8X8X8 #320T Top Diffuser Box,12,
10X10X6-320T,10x10x6 #320T Top Diffuser Box,12,
10X10X7-320T,10X10X7 #320 Top Diffuser Box,12,
10X10X8-320T,10 X 10 X 8 #320T Top Ceiling Box,12,
10X10X10-320T,10x10x10 #320T Top Outlet Diff Box,6,
12X12X7-320T,12x12x7  Top Diffuser Box,6,
12X12X8-320T,12X12X8 #320T TOP DIFFUSER BOX,6,
12X12X10-320T,12 X 12 X 10 #320T Top Ceiling Box,6,
12X12X12-320T,12 X 12 X 12 #320T Top Ceiling Box,6,
14X14X10-320T,14x14x10 Top Rd to Sq Diffuser Box,6,
14X14X12-320T,14x14x12 Sq to Rd Top Diffuser Box,6,
14X14X14-320T,14x14x14 Sq to Rd Top Diffuser Box,6,
6X6X75-320NO,"6x6 Ceiling Box w/ No Outlet            7 1/2"" Deep",6,
8X8X75-320NO,"8x8 Ceiling Box w/ No Outlet            7 1/2"" Deep",6,
10X10X75-320NO,"10x10 Ceiling Box w/ No Outlet          7 1/2"" Deep",6,
12X12X75-320NO,"12x12 Ceiling Box w/ No Outlet          7 1/2"" Deep",6,
14X14X75-320NO,"14x14 Ceiling Box w/ No Outlet          7 1/2"" Deep",6,
6X10X6-320NO,"6x10 Ceiling Box w/ No Outlet           6"" Deep - 30 Gauge",6,
6X12X6-320NO,"6x12 Ceiling Box w/ No Outlet           6"" Deep - 30 gauge",6,
1425X2025-320NO,"14 1/4 x 20 1/4 Ceiling Box w/ No       Outlet - 6"" Deep - 30 gauge",6,
1425X2425-320NO,"14 1/4 x 24 1/4 Ceiling Box w/ No       Outlet - 6"" Deep - 30 gauge",6,
1425X3025-320NO,"14 1/4 x 30 1/4 Ceiling Box w/ No       Outlet - 6"" Deep - 30 gauge",6,
2275X2275-320NO,"22 3/4 x 22 3/4 Ceiling Box w/ No       Outlet - 3"" Deep - 30 gauge",6,
245X245X6-320NO,"24 1/2 x 24 1/2 Ceiling Box w/ No       Outlet - 6"" Deep - 30 gauge",1,
6X5-321,6x5 Ceiling Outlet,1,
8X6-321,8x6 Ceiling Outlet,1,
8X7-321,8X7 Ceiling Outlet,1,
10X8-321,10x8 Ceiling Outlet,1,
12X10-321,12x10 Ceiling Outlet,1,
17X30-323,17x30     #323 Cold Air Panel,25,
32X30-323,32x30     #323 Cold Air Panel,10,
36-324,"36"" S Cleat",25,
60-324,"60"" S Cleat",20,
96-324,"96"" S Cleat",20,
120-324,"120"" S Cleat",20,
60-324S,"60"" Standing S Cleat w/ 1/2"" leg",10,
60-324S-1,"60"" Standing S Cleat w/ 1"" Leg",10,
120-324S-1,"120"" Standing S-Cleat w/ 1"" Leg",10,
5-325," 5"" #325 Round Damper Section",12,
6-325," 6"" #325 Round Damper Section",18,
7-325," 7"" #325 Round Damper Section",12,
8-325," 8"" #325 Round Damper Section",12,
10-325,"10"" #325 Round Damper Section",1,
4-326," 4"" #326 Straight Start Collar",12,
5-326," 5"" #326 Straight Start Collar",18,
6-326," 6"" #326 Straight Start Collar",18,
7-326," 7"" #326 Straight Start Collar",18,
8-326," 8"" #326 Straight Start Collar",16,
9-326," 9"" #326 Straight Start Collar",12,
10-326,"10"" #326 Straight Start Collar",16,
12-326,"12"" #326 Straight Start Collar",16,
14-326,"14"" #326 Straight Start Collar",1,
3-327,"3"" Square Style Shanty Cap",12,
4-327,"4"" Square Style Shanty Cap",12,
5-327,"5"" Square Style Shanty Cap",12,
6-327,"6"" Square Style Shanty Cap",12,
7-327,"7"" Square Style Shanty Cap",12,
8-327,"8"" Square Style Shanty Cap",12,
9-327,"9"" Round Style Shanty Cap",3,
10-327,"10"" Round Style Shanty Cap",3,
12-327,"12"" Round Style Shanty Cap",3,
14-327,"14"" Round Style Shanty Cap",1,
16-327,"16"" Round Style Shanty Cap",1,
18-327,"18"" Round Style Shanty Cap",1,
4-328,"4"" #328 Galv. Dryer Vent Hood",1,
5-328," 5"" #328 Galv. Dryer Vent",1,
6-328," 6"" Galv. Dryer Vent w/ Flap",2,
7-328," 7"" #328 Galv. Dryer Vent",1,
8-328," 8"" #328 Galv. Dryer Vent",1,
8-328S,"8"" Galv Dryer Vent w/ Screen & Flap",1,
10-328," 10"" #328 Galv Dryer Vent          w/Flap",1,
10-328S,"10"" Galv Dryer Vent w/ Screen and  Flap",1,
4-329,"4"" #329 Fresh Air Intake Vent      with Screen",1,
5-329,"5"" #329 Fresh Air Intake",1,
6-329,"6"" #329 Fresh Air Intake",1,
7-329,"7"" #329 Fresh Air Intake",1,
8-329,"8"" #329 Fresh Air Intake",1,
10-329,"10"" Fresh Air Intake",1,
6-335,"6"" #335 Galv. Storm Collar",12,
3-350," 3"" #350 Vertical Diverter",1,
4-350," 4"" #350 Vertical Diverter",1,
5-350," 5"" #350 Vertical Diverter",1,
6-350," 6"" #350 Vertical Diverter",1,
7-350,"7"" #350 Vertical Diverter",1,
8-350," 8"" #350 Vertical Diverter",1,
9-350," 9"" #350 Vertical Diverter",1,
10-350,"10"" #350 Vertical Diverter",1,
3-352," 3"" #352 Horizontal Diverter",1,
4-352," 4"" #352 Horizontal Diverter",1,
4-400A,"4"" #400A Adhesive Fitting",12,
5-400A," 5"" #400A ADHESIVE FITTING",12,
6-400A," 6"" #400A ADHESIVE FITTINGS",12,
7-400A," 7"" #400A ADHESIVE FITTINGS",12,
8-400A,"8"" Adhesive Fitting",12,
9-400A," 9"" #400A ADHESIVE FITTINGS",12,
10-400A,"10"" Adhesive Fitting",12,
12-400A,"12"" Adhesive Fitting",12,
14-400A,"14"" #400A ADHESIVE FITTINGS",12,
16-400A,"16"" #400A ADHESIVE FITTINGS",12,
18-400A,"18"" #400A Adhesive Fitting",12,
20-400A,"20"" #400A Adhesive Fitting",6,
4-400AD,"4"" Adhesive Takeoff w/ damper",12,
5-400AD,"  5"" ADHESIVE FITTING W/DAMPER",12,
6-400AD," 6"" Adhesive Fitting w/Damper",12,
7-400AD,"7"" Adhesive Fitting w/Damper",12,
8-400AD," 8"" Adhesive Fitting w/Damper",12,
9-400AD," 9"" ADHESIVE FITTING W/DAMPER",12,
10-400AD,"10"" ADHESIVE FITTING W/DAMPER",12,
12-400AD,"12"" ADHESIVE FITTINGS W/DAMPER",12,
14-400AD,"14"" ADHESIVE FITTING W/DAMPER",12,
16-400AD,"16"" ADHESIVE FITTINGS W/DAMPER",12,
18-400AD,"18"" #400AD Adhesive Spinfitting",12,
20-400AD,"20"" Adhesive Fitting w\ Damper",1,
5-400AS," 5"" ADHESIVE FITTING W/SCOOP ONLY",12,
6-400AS," 6"" ADHESIVE FITTING W/SCOOP ONLY",12,
7-400AS,"7""  ADHESIVE FITTING W/SCOOP ONLY",12,
8-400AS," 8"" ADHESIVE FITTING W/SCOOP ONLY",12,
10-400AS,"10"" ADHESIVE FITTING W/SCOOP ONLY",6,
5-400ASD," 5"" ADHS. FITTING W/SCOOP & DAMPER",12,
6-400ASD,"6"" ADHS. FITTING W/SCOOP& DAMPER",12,
7-400ASD," 7"" ADHS. FITTING W/SCOOP & DAMPER",12,
8-400ASD," 8"" ADHS. FITTING W/SCOOP &DAMPER",12,
9-400ASD,"9"" #400 Adhs Ftg w/ scoop & damper",1,
10-400ASD,"10"" ADHS. FITTING W/SCOOP &DAMPER",10,
12-400ASD,"12"" ADHS. FITTING W/ SCOOP &DAMPER",1,
14-400ASD,"14"" ADHS FITTING W/ SCOOP & DAMPER",1,
16-400ASD,"16"" ADHS. FITTING W/ SCOOP & DAMPER",1,
5-400D," 5"" #400D Spin Fitting",1,
6-400D," 6"" #400D Spin Fitting",1,
7-400D," 7"" #400D Spin Fitting",1,
8-400D," 8"" #400D Spin Fitting",1,
10-400D,"10"" #400D Spin Fitting",1,
12-400D,"12"" #400D Spin Fitting",1,
14-400D,"14"" #400D Spin Fitting",1,
5-401D," 5"" #401D Spin Fitt W/Damper",1,
6-401D," 6"" #401D Spin Fitt W/Damper",1,
7-401D," 7"" #401D Spin Fitt W/Damper",1,
8-401D," 8"" #401D Spin Fitt W/Damper",1,
10-401D,"10"" #401D Spin Fitt W/Damper",1,
12-401D,"12"" #401D Spin Fitt W/Damper",1,
14-401D,"14"" #401D Spin Fitt W/Damper",1,
6-401M," 6"" #401M Spin Fitt W/Damper",1,
8-401M," 8"" #401M Spin Fitt W/Damper",1,
10-401M,"10"" #401M Spin Fitt W/Damper",1,
12-401M,"12"" #401M Spin Fitt W/Damper",1,
6-403M," 6"" #403M Spin Fit W/Scp/Damp",1,
7-403M,"7"" #403M SpinFitting w/Scoop & Damp",1,
8-403M," 8"" #403M Spin Fit W/Scp/Damp",1,
10-403M,"10"" #403M Spin Fit W/Scp/Damp",1,
12-403M,"12"" #403M Spin Fit W/Scp/Damp",1,
4-404D,"4"" Tab Collar for 1"" or 1 1/2"" DB",12,
5-404D,"5"" Tab Collar for 1"" or 1 1/2"" DB",12,
6-404D,"6"" Tab Collar for 1"" or 1 1/2"" DB",12,
7-404D,"7"" Tab Collar for 1"" or 1 1/2"" DB",12,
8-404D,"8"" Tab Collar for 1"" or 1 1/2"" DB",12,
9-404D,"9"" Tab Collar for 1"" or 1 1/2"" DB",12,
10-404D,"10"" Tab Collar for 1"" or 1 1/2"" DB",12,
12-404D,"12"" Tab Collar for 1"" or 1 1/2"" DB",12,
14-404D,"14"" Tab Collar for 1"" or 1 1/2"" DB",12,
16-404D,"16"" Tab Collar for 1"" or 1 1/2"" DB",12,
18-404D,"18"" Tab Collar for 1"" or 1 1/2"" DB",12,
20-404D,"20"" Tab Collar for 1"" or 1 1/2"" DB",1,
4-404D-2,"4"" Tab Collar for 2"" Ductboard",12,
5-404D-2,"5"" Tab Collar for 2"" Ductboard",12,
6-404D-2,"6"" Tab Collar for 2"" Ductboard",12,
7-404D-2,"7"" Tab Collar for 2"" Ductboard",12,
8-404D-2,"8"" Tab Collar for 2"" Ductboard",12,
10-404D-2,"10"" Tab Collar for 2"" Ductboard",12,
12-404D-2,"12"" Tab Collar for 2"" Ductboard",12,
14-404D-2,"14"" Tab Collar for 2"" Ductboard",1,
16-404D-2,"16"" Tab Collar for 2"" Ductboard",1,
4-404D-2A,"4"" Collar for 2"" DB w/ Adhesive",12,
5-404D-2A,"5"" Collar for 2"" DB w/ Adhesive",12,
6-404D-2A,"6"" Collar for 2"" DB w/ Adhesive",12,
7-404D-2A,"7"" Collar for 2"" DB w/ Adhesive",12,
8-404D-2A,"8"" Collar for 2"" DB w/ Adhesive",12,
10-404D-2A,"12"" Collar for 2"" DB w/ Adhesive",12,
12-404D-2A,"12"" Collar for 2"" DB w/ Adhesive",12,
14-404D-2A,"14"" Collar for 2"" DB w/ Adhesive",12,
16-404D-2A,"16"" Collar for 2"" DB w/ Adhesive",12,
18-404D-2A,"18"" Collar for 2"" DB w/ Adhesive",12,
20-404D-2A,"20"" Collar for 2"" DB w/ Adhesive",12,
4-405D,"4"" DB Collar w/Dmpr for 1 to 1 1/2""",12,
5-405D,"5"" DB Collar w/Dmpr for 1 to 1 1/2""",12,
6-405D,"6"" DB Collar w/Dmpr for 1 to 1 1/2""",12,
7-405D,"7"" DB Collar w/Dmpr for 1 to 1 1/2""",12,
8-405D,"8"" DB Collar w/Dmpr for 1 to 1 1/2""",12,
9-405D,"9"" DB Collar w/Dmpr for 1 to 1 1/2""",12,
10-405D,"10"" DB Collar w/Dmpr for 1 to 1 1/2",12,
12-405D,"12"" DB Collar w/Dmpr for 1 to 1 1/2",12,
14-405D,"14"" DB Collar w/Dmpr for 1 to 1 1/2",12,
5-405D-2,"5"" Tab Collar w/ damper for 2"" DB",12,
4-405D-2,"4"" Tab Collar w/ damper for 2"" DB",12,
6-405D-2,"6"" Tab Collar w/ damper for 2""DB",12,
7-405D-2,"7"" Tab Collar w/damper for 2"" DB",12,
8-405D-2,"8"" Tab Collar w/damper for 2"" DB",12,
10-405D-2,"10"" Tab Collar w/ Damper for 2"" DB",12,
12-405D-2,"12"" Tab Collar w/ Damper for 2"" DB",12,
14-405D-2,"14"" Tab Collar w/ damper for 2"" DB",12,
4-405D-2A,"4"" Collar for 2"" DB w/ Damper and       Adhesive",12,
5-405D-2A,"5"" Collar for 2"" DB w/ Damper and       Adhesive",12,
6-405D-2A,"6"" Collar for 2"" DB w/ Damper and       Adhesive",12,
7-405D-2A,"7"" Collar for 2"" DB w/ Damper and       Adhesive",12,
8-405D-2A,"8"" Collar for 2"" DB w/ Damper and       Adhesive",12,
10-405D-2A,"10"" Collar for 2"" DB w/ Damper and      Adhesive",12,
12-405D-2A,"12"" Collar for 2"" DB w/ Damper and      Adhesive",12,
14-405D-2A,"14"" Collar for 2"" DB w/ Damper and      Adhesive",12,
16-405D-2A,"16"" Collar for 2"" DB w/ Damper and      Adhesive",12,
18-405D-2A,"18"" Collar for 2"" DB w/ Damper and      Adhesive",12,
20-405D-2A,"20"" Collar for 2"" DB w/ Damper and      Adhesive",12,
4-406A,"4"" Round Pipe Adhesive Takeoff",12,
5-406A,"5"" Round Pipe Adhesive Takeoff",12,
6-406A,"6"" Round Pipe Adhesive Takeoff",12,
7-406A,"7"" Round Pipe Adhesive Takeoff",12,
8-406A,"8"" Round Pipe Adhesive Takeoff",12,
9-406A,"9"" Round Pipe Adhesive Takeoff",1,
10-406A,"10"" Round Pipe Adhesive Takeoff",12,
12-406A,"12"" Round Pipe Adhesive Takeoff",12,
14-406A,"14"" Round Pipe Adhesive Takeoff",1,
4-406AD,"4"" Rnd Adh Saddle Style Takeoff w/ Damper for 4"" and 5"" Pipe",12,
5-406AD,"5"" Rnd Adh Saddle Style Takeoff w/ Damper for 5"" and 6"" Pipe",12,
6-406AD,"6"" Rnd Adh Saddle Style Takeoff w/ Damper for 6"" and 7"" Pipe",12,
7-406AD,"7"" Rnd Adh Saddle Style Takeoff w/ Damper for 7"" and 8"" Pipe",12,
8-406AD,"8"" Rnd Adh Saddle Style Takeoff w/ Damper for 8"" and 9"" Pipe",12,
9-406AD,"9"" Rnd Adh Saddle Style Takeoff w/ Damper for 9"" and 10"" pipe",1,
10-406AD,"10"" Rnd Adh Saddle Style Takeoff w/Damper for 10"" Pipe",12,
12-406AD,"12"" Rnd Adh Saddle Style Takeoff w/Damper for 12"" Pipe",12,
14-406AD,"14"" Rnd Adh Saddle Style Takeoff w/Damper for 14"" Pipe",1,
5-500-0,"5"" x 60"" Oval Pipe",5,
6-500-0,"6"" x 60"" Oval Pipe",5,
7-500-0,"7"" x 60"" Oval Pipe",5,
8-500-0,"8"" x 60"" Oval Pipe",5,
5-501-0,"5"" x 100"" Oval Pipe",5,
6-501-0,"6"" x 100"" Oval Pipe",5,
7-501-0,"7"" x 100"" Oval Pipe",5,
8-501-0,"8"" x 100"" Oval Pipe",5,
5-502-0,"5"" Vertical Oval Elbow",12,
6-502-0,"6"" Vertical Oval Elbow",12,
7-502-0,"7"" Vertical Oval Elbow",12,
8-502-0,"8"" Vertical Oval Elbow 90*",12,
5-502-0F,"5"" Flat Oval Elbow",12,
6-502-0F,"6"" Flat Oval Elbow",12,
7-502-0F,"7"" Flat Oval Elbow",12,
8-502-0F,"8"" Flat Oval Elbow",12,
5-503-0,"5"" Vertical Oval Angle",12,
6-503-0,"6"" Vertical Oval Angle",12,
7-503-0,"7"" Vertical Oval Angle",12,
8-503-0,"8"" Vertical Oval Angle 45*",12,
5-503-0F,"5"" FLat Oval Angle",12,
6-503-0F,"6"" Flat Oval Angle",12,
7-503-0F,"7"" Flat Oval Angle",12,
8-503-0F,"8"" Flat Oval Angle",12,
5-504-0,"5"" #504-0 Rd to Oval End Boot",12,
6-504-0,"6"" #504-0 Rd to Oval End Boot",12,
7-504-0,"7"" #504-0 Rd to Oval End Boot",12,
8-504-0,"8"" #504 Round to Oval End Boot",12,
5-504-NC,"5""#504 Rnd to Oval End Bt No Crimp.",12,
6-504-NC,"6"" #504 Rd to Oval No Crimp End Boo",12,
7-504-NC,"7"" Rd to Oval End Boot (NO CRIMP)",12,
8-504-NC,"8"" #504 Rnd/Oval End Boot No Crimp",12,
6X5-504SP,6x5 Special Oval to Rnd End Boot,12,
5-505-0,"5"" Round to Oval 90* Boot",12,
6-505-0,"6"" #505-0 Rd to Oval 90* Boot",16,
7-505-0,"7"" #505-0 Rd to Oval 90* Boot",12,
8-505-0,"8"" #505 Round to Oval 90* Boot",12,
7X6-505-0,"7"" Oval to 6"" Round 90* Boot",12,
5-505-NC,"5""  Rnd to Oval 90* Boot - No Crimp",12,
6-505-NC,"6"" #505 No Crimp Rd/Oval 90* Boot",16,
7-505-NC,"7"" #505 Rd\Oval 90* Boot (NO CRIMP)",12,
8-505-NC,"8"" #505 Rd/Oval 90* Boot (no crimp)",12,
6-505-0C,"6"" Round to Oval 90 Crimp Opposite",16,
6X5-505SP,6x5 Special Oval to Rnd 90* Boot,1,
5-506-0,"5"" #506-0 Rd to Oval Str. Boot",12,
6-506-0,"6"" #506-0 Rd to Oval Str. Boot",12,
7-506-0,"7"" #506-0 Rd to Oval Str. Boot",12,
8-506-0,"8"" 506-0 RND TO OVAL STR BOOT",12,
5-506-NC,"5"" #506 Rd to Oval No Crimp Str. Bo",12,
6-506-NC,"6"" #506-0 Rd/Oval Str. No Crimp Boo",12,
7-506-NC,"7"" #506 RND TO OVAL STR BOOT",12,
8-506-NC,"8"" #506 RND/OVAL STR BOOT NO CRIMP",12,
6X5-506SP,6x5 Special Oval to Rnd Straight Bt,1,
8X6X4-5070,8 x 6 x 4 Oval Stackhead,12,
8X6X5-5070,8 x 6 x 5 Oval Stackhead,12,
8X6X6-5070,8 x 6 x 6 Oval Stackhead,12,
10X4X5-5070,10 x 4 x 5 Oval Stackhead,12,
10X4X6-5070,10 x 4 x 6 Oval Stackhead,12,
10X4X7-5070,10 x 4 x 7 Oval Stackhead,12,
10X6X4-5070,10 x 6 x 4 Oval Stackhead,12,
10X6X5-5070,10 x 6 x 5 Oval Stackhead,12,
10X6X6-5070,10 x 6 x 6 Oval Stackhead,12,
10X6X7-5070,10 x 6 x 7 Oval Stackhead,12,
12X6X5-5070,12 x 6 x 5 Oval Stackhead,12,
12X6X6-5070,12 x 6 x 6 Oval Stackhead,12,
12X6X7-5070,12 x 6 x 7 Oval Stackhead,12,
12X6X8-5070,12 x 6 x 8 Oval Stackhead,12,
14X6X6-5070,14 x 6 x 6 Oval Stackhead,12,
14X6X7-5070,14 x 6 x 7 Oval Stackhead,12,
14X6X8-5070,14 x 6 x 8 Oval Stackhead,12,
14X8X8-5070,14 x 8 x8 Oval Stackhead,12,
10X6X5-5070D,10X6X5X5 Double Oval Stackhead,12,
10X6X6-5070D,10x6x6x6 Double Oval Stackhead,12,
10X6X7-5070D,10x6x7x7  Double Oval Stackhead,12,
12X6X6-5070D,12x6x6x6 Double Oval Stackhead,12,
12X6X7-5070D,12x6x7x7 Double Oval Stackhead,12,
10X4X6-5080,10 X 4 X 6 Straight Oval Stack Boot,12,
12X2X6-5080,"12X2 1/4 6"" Straight Oval Stack Bt",12,
10X4X6-509-0,"10x4 6"" #509-0 45* Oval Reg Box",12,
12X2X6-509-0,12X21/4X6 #509-0 45* Oval Reg Box,12,
12X4X6-509-0,12X4X6  45* Oval Register Box,12,
10X4X5-510-0,10x4x5 #510 90* Oval Register Box,1,
10X4X6-510-0,"10x4 6"" #510-0 90* Oval Reg Box",12,
10X4X7-510-0,10x4x7 #510 90* Oval Register Box,12,
12X2X6-510-0,12X21/4X6 #510-0 90* Oval Reg Box,12,
12X4X6-510-0,12x4x6 Galv Oval  Register Box,12,
12X4X7-510-0,"12X4 7"" #510-0 90* Oval Reg Box",12,
5-511-0,"5"" Oval to Oval Reverse Boot",12,
6-511-0,"6"" Oval to Oval Reverse Boot",12,
7-511-0,"7"" Oval to Oval Reverse Boot",12,
8-511-0,"8""  Oval to Oval Reverse Boot",12,
5-511-NC,"5"" Oval/Oval Reverse Boot No Crimp",12,
6-511-NC,"6"" Oval/Oval Reverse Boot No Crimp",12,
7-511-NC,"7"" Oval/Oval Reverse Boot No Crimp",12,
8-511-NC,"8"" Oval/Oval Reverse Boot No Crimp",12,
5-512-0,"5"" #512  112"" Oval Pipe",5,
6-512-0,"6"" #512  112"" Oval Pipe",5,
7-512-0,"7""  #512  112"" Oval Pipe",5,
8-512-0,"8"" x  112"" Galv. Oval Pipe",5,
5-513-0,"5""  Oval Collar w/ crimp",12,
6-513-0,"6""  Oval Collar w/ crimp",12,
7-513-0,"7""  Oval Collar w/ crimp",12,
8-513-0,"8""  Oval Collar w/ crimp",12,
5-513-NC,"5""  Oval Collar w/o crimp",12,
6-513-NC,"6""  Oval Collar w/o crimp",12,
7-513-NC,"7""  Oval Collar w/o crimp",12,
8-513-NC,"8""  Oval Collar w/o crimp",12,
5-513FG,"5"" Oval Collar 6"" Long w/ Crimp",12,
6-513FG,"6"" Oval Collar 6"" Long w/ Crimp",12,
7-513FG,"7"" Oval Collar 6"" Long w/ Crimp",12,
8-513FG,"8"" Oval Collar 6"" Long w/ Crimp",12,
8X8X6-532S,"8x8x6 Oval SO Box - 9"" Long Collar",6,
10X10X7-532S,"10x10x7 Oval SO Box- 9"" Long Collar",6,
12X12X8-532S,"12x12x8 Oval SO Box- 9"" Long Collar",6,
5-561-0,"5"" Oval Top Takeoff",12,
6-561-0,"6"" Oval Top Takeoff",12,
7-561-0,"7"" Oval Top Takeoff",12,
8-561-0,"8"" Oval Top Takeoff",12,
4-24-600,"4"" 24ga 24"" Black Pipe",12,
5-24-600,"5"" 24ga 24"" Black Pipe",12,
6-24-600,"6"" 24ga 24"" Black Pipe",12,
7-24-600,"7"" 24ga 24"" Black Pipe",12,
8-24-600,"8"" 24ga 24"" Black Pipe",12,
4-24-602,"4"" 24ga 90* Black Elbow",12,
5-24-602,"5"" 24ga 90* Black Elbow",12,
6-24-602,"6"" 24ga 90* Black Elbow",12,
7-24-602,"7"" 24ga 90* Black Elbow",12,
8-24-602,"8"" 24ga 90* Black Elbow",12,
6-24-602C,"6"" 24ga Black Corrugated Elbow",12,
8-24-602C,"8"" 24ga Black Corrugated Elbow",12,
4-604,4x4x4 #604 Black Tee,12,
5-604,5x5x5 #604 24Ga Black Tee,12,
6-604,6x6x6 #604 24Ga Black Tee,12,
7-604,7x7x7 #604 24Ga Black Tee,10,
8-604,8x8x8 #604 24Ga Black Tee,10,
4-605,"4"" #605 Black Trim Collar",12,
5-605,"5"" #605 Black Trim Collars",12,
6-605,"6"" #605 Black Trim Collars",12,
7-605,"7"" #605 Black Trim Collars",12,
8-605,"8"" #605 Black Trim Collars",12,
6X6-610,6x6 #610 Black Oval/Round Boot,12,
7X6-610,7X6 #610 Black Oval/Round Boot,12,
6X4-611,6x4 #611 Black Reducer,12,
7X6-611,7x6 #611 Black Reducer,12,
8X6-611,8x6 #611 Black Reducer,12,
6X4-611P,6x4 #611 Plain Black Reducer,12,
6X5-611P,6x5 #611 Black Plain Reducer,12,
7X6-611P,7x6 #611 Black Plain Reducer,12,
8X4-611P,8 X 4 #611P Black No Crimp Reducer,12,
8X6-611P,8x6 #611 Black Plain Reducer,12,
8X7-611P,8x7 #611 Black Plain Reducer,12,
5-620,5 in 1 Black Flue Adapter,2,
3-800,"3"" #800 24"" Aluminum Pipe",25,
4-800,"4"" #800 24"" Aluminum Pipe",25,
8-800,"8"" #800 24"" Aluminum Pipe",12,
3-801,"3""  #801 Aluminum Flex Duct",25,
4-801,"4"" #801 Aluminum Flex Duct 96"" Long",16,
5-801,"5""  #801 Aluminum Flex Duct",9,
6-801,"6""  #801 Aluminum Flex Duct",9,
7-801,"7""  #801 Aluminum Flex Duct",4,
8-801,"8""  #801 Aluminum Flex Duct",4,
10-801,"10"" #801 Aluminum Flex Duct",4,
12-801,"12"" #801 Aluminum Flex Duct",1,
3-802,"3"" #802 90* Aluminum Elbow",12,
4-802,"4"" #802 90* Aluminum Elbow",12,
8-802,"8"" #802 Aluminum 90* Elbow",1,
4-804-A,"4"" Dryer Vent Kit w/ 8' Alum. Hose",1,
10X3-805,10x3 #805 Aluminum Wall Cap,1,
10X10-806,10x10 #806 Alum. Roof Jack,1,
3-807,"3"" Alum Dryer Vent Hood w/ tail",1,
4-807,"4"" Alum Dryer Vent Hood w/ Tail",1,
5-807,"5"" #807 Alum Dryer Vent Hood Only",1,
6-807,"6"" #807 Alum Dryer Vent Hood Only",1,
8-807,"8"" #807 Aluminum Vent Hood Only",1,
BAP,4 Gallon Black Ash Pail,6,
12X6X7-BRB,12x6x7  Basement Reg Boot/Ears,12,
96-CAF,"96"" Cold Air Frame w/ 1/2 lip",25,
10X6-CAF,10 x 6 Cold Air Frame,50,
12X6-CAF,12 x 6 Return Air Frame,50,
14X6-CAF,14 x 6 Cold Air Frame,50,
14X8-CAF,14 X 8 Cold Air Frame,1,
14X14-CAF,14 x 14 Cold Air Frame,1,
20X20-CAF,20 x 20 Cold Air Frame,1,
24X6-CAF,24 x 6 Cold Air Frame,25,
30X6-CAF,30 X 6 Cold Air Frame,1,
120-CAF,"120"" Cold Air Frame Material",25,
24-CAG,"24"" Cold Air Ground",1,
1X60-U-CHANNEL,"1X1X1  60"" 26ga. U Channel",10,
1X120-U-CHANNEL,"1x1x1 120"" 26ga U Channel",10,
1X2X120UCHANNEL,"1x2x1 26ga 120"" U Channel",10,
6-CID,"6"" Black Cast Iron Dampers",12,
7-CID,"7"" Black Cast Iron Dampers",12,
8-CID,"8"" Black Cast Iron Dampers",12,
CLAMP,"4"" Dryer Vent Clamp",1,
8-DRIVE,"  8"" Drive Cleat",200,
10-DRIVE,"10"" Drive Cleat",50,
12-DRIVE,"12"" Galv. Drive Cleat",50,
60-DRIVE,"60""      Drive Cleat",20,
96-DRIVE,"96""  Drive Cleat",20,
120-DRIVE,"120"" Drive Cleat",20,
6-SC," 6"" Sleeve/Branch Connector",2,
7-SC," 7"" Sleeve/Branch Connector",2,
8-SC," 8"" Sleeve/Branch Connector",1,
10-SC,"10"" Sleeve Connector",2,
12-SC,"12"" Sleeve Connector    Boxed",2,
14-SC,"14"" Sleeve Connector",2,
16-SC,"16"" Sleeve Connector",2,
14X20X1-FR1,14x20x1 Filter Rack - Top Entry,1,
14X25X1-FR1,14x25x1 Filter Rack - Top Entry,1,
16X20X1-FR1,16x20x1 Filter Rack - Top Entry,6,
16X25X1-FR1,16x25x1 Filter Rack - Top Entry,6,
20X20X1-FR1,20x20x1 Filter Rack - Top Entry,1,
20X25X1-FR1,20x25x1 Filter Rack - Top Entry,1,
14X20X1-FR2,14x20x1 FR - Side Entry w/ Notches,1,
14X25X1-FR2,14x25x1 FR - Side Entry w/ Notches,1,
16X20X1-FR2,16x20x1 FR - Side Entry w/ Notches,1,
16X25X1-FR2,16x25x1 FR - Side Entry w/ Notches,1,
20X20X1-FR2,20x20x1 FR - Side Entry w/ Notches,1,
20X25X1-FR2,20x25x1 FR - Side Entry w/ Notches,1,
14X20X1-FR3,14x20x1 Economy Style Filter Rack       w/ Cover - Side Entry,1,
14X25X1-FR3,14x25x1 Economy Style Filter Rack       w/ Cover - Side Entry,1,
16X20X1-FR3,16x20x1 Economy Style Filter Rack  w/ Cover - Side Entry,1,
16X25X1-FR3,16x25x1 Economy Style Filter Rack  w/ Cover - Side Entry,1,
20X20X1-FR3,20x20x1 Economy Style Filter Rack      w/ Cover - Side Entry,1,
20X25X1-FR3,20x25x1 Economy Style Filter Rack       w/ Cover - Side Entry,1,
NUTS, Wing Nuts for Dampers,1,
16X29-PANEL,16x29 Plenum Panel Only,1,
16X47-PANEL,16x47 Plenum Panel Only,1,
18X29-PANEL,18x29 Plenum Panel Only,1,
18X47-PANEL,18X47 Plenum Panel Only,1,
20X29-PANEL,20x29 Plenum Panel Only,1,
20X47-PANEL,20x47 Plenum Panel Only,1,
22X29-PANEL,22x29 Plenum Panel Only,1,
22X47-PANEL,22x47 Plenum Panel Only,1,
24X29-PANEL,24x29 Plenum Panel Only,1,
24X47-PANEL,24x47 Plenum Panel Only,1,
30X47-PANEL,30x47 Plenum Panel Only,1,
18X58-PANEL,18x58 Plenum Panel Only,1,
20X58-PANEL,20x58 Plenum Panel Only,1,
SHOVEL,"BLACK 17"" SHOVEL",12,
4X4X4-STRIPS-24,"4""X4""X4' 24ga Galvanized Strips",1,
1X50-STRAP,1 x 50' Galvanized Strapping,1,
1X3X96-ANGLE26,"1x3  96"" Galvanized Angle 26 gauge",10,
18X18-TOP,"18"" x 18"" Plenum Top Only",1,
20X20-TOP,"20"" x 20"" Plenum Top Only",1,
22X22-TOP,"22"" x 22"" Plenum Top Only",1,
24X24-TOP,"24"" x 24"" Plenum Top Only",1,
30X30-TOP,"30"" x 30"" Plenum Top Only",1,
WASHERS, Washers for Handles & Wing Nuts,50,
14X25X30-RP,"14 x 25 x 30"" Return Plenum",1,
16X20X30-RP,16 x 20 x 30 Return Plenum,1,
20X25X30-RP,"20 x 25 30"" High Return Plenum",1,
16X25X30-RP,"16 x 25 30"" High Return Plenum",1,
20X20X30-RP,"20 x 20 x 30"" Return Plenum",1,
24X25X30-RP,"24 x 25 x 30"" High Return Plenum",1,
1978X165X36-SP,"19 7/8 x 16 1/2 36""High Supply Plen",1,
1978X13X36-SP,"19 7/8 x 13 x 36"" Supply Plenum",1,
1978X20X36-SP,"19 7/8 x 20 x 36"" Supply Plenum",1,
2278X1858X36-SP,"22 7/8 x 18 5/8 x 36"" Supply Plenum",1,
16X16X24-WDG30,"16x16x24"" Galvanized Wedge - 30ga",1,
16-313fgd,"16"" collar w/d",10,
14X30X7.5-320NO,14X30X7.5-320NO,1,
10X10-120SD-ND,,1,
12X12-120SD-ND,,1,
8X8-120SD-ND,,1,
10X10-121SD-ND,,1,
12X12-121SD-ND,,1,
8X8-121SD-ND,,1,
10X10X60-125S50,,50, 
10X8X60-125SD50,,50,
12X10X60-125S50,,50,
12X8X60-125SD50,,50,
14X10X60-125SD50,,50,
14X8X60-125SD50,,50,
16X10X60-125S40,,40,
16X8X60-125SD40,,40,
18X10X60-125S40,,40,
18X8X60-125SD40,,40,
20X10X60-125SD40,,40,
20X8X60-125SD40,,40,
24X10X60-125SD30,,30,
24X8X60-125SD30,,30,
8X8X60-125SD50,,50,
901226,,12,
901426,,4,
901626,,4,
901826,,4,
SL601026,,5,
SL601226,,5,
SL601426,,5,
SL601626,,5,
SL60626,,5,
SL60726,,5,
SL60826,,5,
SP-23,,12,
SP-24,,12,
SP-241,,12,
49P2436,,1,
49T20,,1,
49T24,,1,
20X20X6-317,,1,
,,1,